type;price;loc;kamar_tidur;luas_tanah;luas_bangunan;sertifikasi
Rumah Second;Rp380 Jt;Kalasan, Kab. Sleman;2 KT;LT 77m;LB 42m;SHM
Rumah Second;Rp1,1 M;Kalasan, Kab. Sleman;3 KT;LT 132m;LB 90m;SHM
Rumah Second;Rp960 Jt;Kasihan, Kab. Bantul;3 KT;LT 85m;LB 80m;SHM
Rumah Second;Rp480 Jt;Prambanan, Kab. Sleman;2 KT;LT 97m;LB 52m;SHM
Rumah Second;Rp3,5 M;Panjatan, Kab. Kulon Progo;3 KT;LT 392m;LB 150m;SHM
Rumah Second;Rp1,1 M;Pengasih, Kab. Kulon Progo;3 KT;LT 865m;LB 225m;SHM
Rumah Second;Rp1,2 M;Kalasan, Kab. Sleman;4 KT;LT 207m;LB 160m;SHM
Rumah Second;Rp579 Jt;Berbah, Kab. Sleman;2 KT;LT 84m;LB 46m;SHM
Rumah Second;Rp424 Jt;Banguntapan, Kab. Bantul;2 KT;LT 73m;LB 40m;SHM
Rumah Second;Rp510 Jt;Pleret, Kab. Bantul;3 KT;LT 105m;LB 60m;SHM
Rumah Second;Rp535 Jt;Sleman, Kab. Sleman;2 KT;LT 80m;LB 36m;SHM
Rumah Second;Rp1,4 M;Ngaglik, Kab. Sleman;3 KT;LT 108m;LB 130m;SHM
Rumah Second;Rp330 Jt;Piyungan, Kab. Bantul;2 KT;LT 78m;LB 50m;SHM
Rumah Second;Rp1,7 M;Depok, Kab. Sleman;3 KT;LT 140m;LB 125m;SHM
Rumah Second;Rp330 Jt;Sedayu, Kab. Bantul;2 KT;LT 151m;LB 62m;SHM
Rumah Second;Rp2,2 M;Ngaglik, Kab. Sleman;5 KT;LT 188m;LB 300m;SHM
Rumah Second;Rp850 Jt;Ngaglik, Kab. Sleman;3 KT;LT 120m;LB 80m;SHM
Rumah Second;Rp1,6 M;Ngaglik, Kab. Sleman;3 KT;LT 147m;LB 110m;SHM
Rumah Second;Rp1,4 M;Ngemplak, Kab. Sleman;3 KT;LT 150m;LB 160m;HGB
Rumah Second;Rp850 Jt;Depok, Kab. Sleman;3 KT;LT 80m;LB 70m;SHM
Rumah Second;Rp2,2 M;Kalasan, Kab. Sleman;5 KT;LT 182m;LB 177m;SHM
Rumah Second;Rp975 Jt;Ngemplak, Kab. Sleman;4 KT;LT 107m;LB 105m;SHM
Rumah Second;Rp920 Jt;Banguntapan, Kab. Bantul;3 KT;LT 86m;LB 160m;SHM
Rumah Second;Rp1,8 M;Ngaglik, Kab. Sleman;4 KT;LT 121m;LB 136m;SHM
Rumah Second;Rp585 Jt;Sleman, Kab. Sleman;3 KT;LT 112m;LB 50m;SHM
Rumah Second;Rp1,4 M;Ngaglik, Kab. Sleman;3 KT;LT 91m;LB 93m;SHM
Rumah Second;Rp250 Jt;Pleret, Kab. Bantul;2 KT;LT 60m;LB 30m;SHM
Rumah Second;Rp1,3 M;Gamping, Kab. Sleman;3 KT;LT 120m;LB 218m;SHM
Rumah Second;Rp815 Jt;Wates, Kab. Kulon Progo;3 KT;LT 72m;LB 90m;SHM
Rumah Second;Rp525 Jt;Tempel, Kab. Sleman;2 KT;LT 106m;LB 53m;SHM
Rumah Second;Rp2,2 M;Ngaglik, Kab. Sleman;3 KT;LT 182m;LB 231m;SHM
Rumah Second;Rp3,2 M;Sleman, Kab. Sleman;5 KT;LT 159m;LB 180m;SHM
Rumah Second;Rp413 Jt;Sedayu, Kab. Bantul;2 KT;LT 81m;LB 40m;SHM
Rumah Second;Rp680 Jt;Depok, Kab. Sleman;3 KT;LT 97m;LB 65m;SHM
Rumah Second;Rp633 Jt;Kalasan, Kab. Sleman;2 KT;LT 105m;LB 59m;SHM
Rumah Second;Rp850 Jt;Godean, Kab. Sleman;3 KT;LT 103m;LB 75m;SHM
Rumah Second;Rp574 Jt;Mlati, Kab. Sleman;2 KT;LT 131m;LB 40m;SHM
Rumah Second;Rp592 Jt;Gondomanan, Kota Yogyakarta;2 KT;LT 90m;LB 36m;SHM
Rumah Second;Rp592 Jt;Mlati, Kab. Sleman;2 KT;LT 104m;LB 50m;SHM
Rumah Second;Rp680 Jt;Kalasan, Kab. Sleman;2 KT;LT 97m;LB 65m;SHM
Rumah Second;Rp1,6 M;Depok, Kab. Sleman;3 KT;LT 111m;LB 90m;SHM
Rumah Second;Rp2,2 M;Kalasan, Kab. Sleman;2 KT;LT 182m;LB 177m;SHM
Rumah Second;Rp350 Jt;Kalasan, Kab. Sleman;2 KT;LT 80m;LB 30m;SHM
Rumah Second;Rp1,7 M;Tegalrejo, Kota Yogyakarta;5 KT;LT 131m;LB 150m;HGB
Rumah Second;Rp495 Jt;Sedayu, Kab. Bantul;2 KT;LT 84m;LB 45m;SHM
Rumah Second;Rp1,1 M;Gamping, Kab. Sleman;2 KT;LT 115m;LB 50m;SHM
Rumah Second;Rp1,1 M;Gamping, Kab. Sleman;2 KT;LT 142m;LB 60m;SHM
Rumah Second;Rp1,5 M;Depok, Kab. Sleman;3 KT;LT 168m;LB 130m;SHM
Rumah Second;Rp900 Jt;Banguntapan, Kab. Bantul;3 KT;LT 98m;LB 100m;SHM
Rumah Second;Rp999 Jt;Ngemplak, Kab. Sleman;4 KT;LT 103m;LB 105m;SHM
Rumah Second;Rp1,6 M;Kalasan, Kab. Sleman;4 KT;LT 146m;LB 134m;SHM
Rumah Second;Rp1,3 M;Gamping, Kab. Sleman;2 KT;LT 208m;LB 90m;SHM
Rumah Second;Rp1,3 M;Gamping, Kab. Sleman;5 KT;LT 227m;LB 220m;SHM
Rumah Second;Rp3,2 M;Sleman, Kab. Sleman;4 KT;LT 159m;LB 180m;HGB
Rumah Second;Rp999 Jt;Banguntapan, Kab. Bantul;3 KT;LT 101m;LB 75m;HGB
Rumah Second;Rp2,6 M;Berbah, Kab. Sleman;3 KT;LT 306m;LB 145m;SHM
Rumah Second;Rp2,8 M;Umbulharjo, Kota Yogyakarta;7 KT;LT 500m;LB 350m;SHM
Rumah Second;Rp390 Jt;Berbah, Kab. Sleman;2 KT;LT 82m;LB 50m;SHM
Rumah Second;Rp399 Jt;Banguntapan, Kab. Bantul;2 KT;LT 75m;LB 55m;SHM
Rumah Second;Rp1,4 M;Banguntapan, Kab. Bantul;5 KT;LT 141m;LB 170m;SHM
Rumah Second;Rp1 M;Depok, Kab. Sleman;2 KT;LT 85m;LB 50m;SHM
Rumah Second;Rp3,7 M;Mlati, Kab. Sleman;4 KT;LT 176m;LB 146m;HGB
Rumah Second;Rp495 Jt;Sleman, Kab. Sleman;2 KT;LT 112m;LB 36m;SHM
Rumah Second;Rp598 Jt;Depok, Kab. Sleman;2 KT;LT 102m;LB 50m;SHM
Rumah Second;Rp1,1 M;Ngemplak, Kab. Sleman;3 KT;LT 134m;LB 90m;SHM
Rumah Second;Rp490 Jt;Sleman, Kab. Sleman;2 KT;LT 92m;LB 36m;SHM
Rumah Second;Rp2,8 M;Tegalrejo, Kota Yogyakarta;3 KT;LT 192m;LB 111m;HGB
Rumah Second;Rp2,2 M;Gamping, Kab. Sleman;5 KT;LT 150m;LB 336m;HGB
Rumah Second;Rp775 Jt;Kalasan, Kab. Sleman;3 KT;LT 106m;LB 78m;SHM
Rumah Second;Rp357 Jt;Prambanan, Kab. Sleman;2 KT;LT 103m;LB 36m;SHM
Rumah Second;Rp757 Jt;Kalasan, Kab. Sleman;2 KT;LT 120m;LB 50m;SHM
Rumah Second;Rp175 Jt;Mergangsan, Kota Yogyakarta;2 KT;LT 67m;LB 58m;SHM
Rumah Second;Rp1,5 M;Kalasan, Kab. Sleman;3 KT;LT 86m;LB 120m;SHM
Rumah Second;Rp560,7 Jt;Kalasan, Kab. Sleman;3 KT;LT 112m;LB 55m;SHM
Rumah Second;Rp1,6 M;Kalasan, Kab. Sleman;4 KT;LT 137m;LB 125m;SHM
Rumah Second;Rp3 M;Ngemplak, Kab. Sleman;5 KT;LT 145m;LB 225m;SHM
Rumah Second;Rp999 Jt;Depok, Kab. Sleman;3 KT;LT 103m;LB 100m;SHM
Rumah Second;Rp635 Jt;Berbah, Kab. Sleman;3 KT;LT 113m;LB 56m;SHM
Rumah Second;Rp1,3 M;Ngaglik, Kab. Sleman;3 KT;LT 88m;LB 120m;SHM
Rumah Second;Rp1,2 M;Ngaglik, Kab. Sleman;3 KT;LT 146m;LB 100m;SHM
Rumah Second;Rp1,8 M;Ngaglik, Kab. Sleman;4 KT;LT 150m;LB 157m;SHM
Rumah Second;Rp2,2 M;Gamping, Kab. Sleman;5 KT;LT 150m;LB 226m;HGB
Rumah Second;Rp1 M;Ngaglik, Kab. Sleman;3 KT;LT 114m;LB 95m;HGB
Rumah Second;Rp2,2 M;Banguntapan, Kab. Bantul;6 KT;LT 288m;LB 243m;SHM
Rumah Second;Rp1 M;Kalasan, Kab. Sleman;3 KT;LT 132m;LB 90m;SHM
Rumah Second;Rp2,7 M;Ngemplak, Kab. Sleman;5 KT;LT 765m;LB 200m;SHM
Rumah Second;Rp690 Jt;Depok, Kab. Sleman;3 KT;LT 99m;LB 70m;SHM
Rumah Second;Rp525 Jt;Tempel, Kab. Sleman;3 KT;LT 111m;LB 140m;SHM
Rumah Second;Rp485 Jt;Gamping, Kab. Sleman;2 KT;LT 108m;LB 42m;SHM
Rumah Second;Rp550 Jt;Depok, Kab. Sleman;2 KT;LT 84m;LB 70m;SHM
Rumah Second;Rp3,3 M;Gondokusuman, Kota Yogyakarta;7 KT;LT 1000m;LB 744m;SHM
Rumah Second;Rp799 Jt;Ngemplak, Kab. Sleman;3 KT;LT 126m;LB 90m;SHM
Rumah Second;Rp1,6 M;Godean, Kab. Sleman;3 KT;LT 100m;LB 108m;HGB
Rumah Second;Rp499 Jt;Sleman, Kab. Sleman;2 KT;LT 120m;LB 36m;SHM
Rumah Second;Rp1,2 M;Seyegan, Kab. Sleman;4 KT;LT 571m;LB 220m;SHM
Rumah Second;Rp1,8 M;Ngemplak, Kab. Sleman;3 KT;LT 150m;LB 108m;SHM
Rumah Second;Rp550 Jt;Godean, Kab. Sleman;3 KT;LT 124m;LB 58m;SHM
Rumah Second;Rp4,8 M;Ngaglik, Kab. Sleman;6 KT;LT 843m;LB 340m;SHM
Rumah Second;Rp553 Jt;Godean, Kab. Sleman;3 KT;LT 103m;LB 70m;SHM
Rumah Second;Rp4,5 M;Mlati, Kab. Sleman;5 KT;LT 220m;LB 230m;SHM
Rumah Second;Rp725 Jt;Banguntapan, Kab. Bantul;3 KT;LT 100m;LB 75m;SHM
Rumah Second;Rp1,7 M;Godean, Kab. Sleman;3 KT;LT 100m;LB 108m;SHM
Rumah Second;Rp3,8 M;Mlati, Kab. Sleman;3 KT;LT 204m;LB 142m;HGB
Rumah Second;Rp775 Jt;Ngemplak, Kab. Sleman;3 KT;LT 116m;LB 85m;SHM
Rumah Second;Rp200,2 Jt;Moyudan, Kab. Sleman;2 KT;LT 60m;LB 30m;HGB
Rumah Second;Rp538 Jt;Berbah, Kab. Sleman;2 KT;LT 84m;LB 46m;SHM
Rumah Second;Rp465 Jt;Berbah, Kab. Sleman;3 KT;LT 80m;LB 45m;SHM
Rumah Second;Rp592 Jt;Sleman, Kab. Sleman;2 KT;LT 104m;LB 50m;SHM
Rumah Second;Rp625 Jt;Ngemplak, Kab. Sleman;2 KT;LT 95m;LB 70m;SHM
Rumah Second;Rp1 M;Tegalrejo, Kota Yogyakarta;2 KT;LT 86m;LB 65m;HGB
Rumah Second;Rp4,9 M;Ngaglik, Kab. Sleman;4 KT;LT 262m;LB 300m;SHM
Rumah Second;Rp375 Jt;Kalasan, Kab. Sleman;2 KT;LT 72m;LB 72m;SHM
Rumah Second;Rp395 Jt;Godean, Kab. Sleman;2 KT;LT 80m;LB 45m;SHM
Rumah Second;Rp5 M;Ngaglik, Kab. Sleman;12 KT;LT 650m;LB 900m;SHM
Rumah Second;Rp1,4 M;Ngaglik, Kab. Sleman;3 KT;LT 105m;LB 90m;SHM
Rumah Second;Rp720 Jt;Kalasan, Kab. Sleman;3 KT;LT 100m;LB 63m;SHM
Rumah Second;Rp299 Jt;Seyegan, Kab. Sleman;2 KT;LT 60m;LB 30m;HGB
Rumah Second;Rp575 Jt;Berbah, Kab. Sleman;3 KT;LT 97m;LB 56m;SHM
Rumah Second;Rp1,7 M;Tegalrejo, Kota Yogyakarta;3 KT;LT 188m;LB 355m;SHM
Rumah Second;Rp1,4 M;Ngaglik, Kab. Sleman;3 KT;LT 109m;LB 115m;SHM
Rumah Second;Rp1,4 M;Ngaglik, Kab. Sleman;3 KT;LT 110m;LB 90m;SHM
Rumah Second;Rp785 Jt;Godean, Kab. Sleman;3 KT;LT 110m;LB 75m;SHM
Rumah Second;Rp1,3 M;Ngaglik, Kab. Sleman;3 KT;LT 121m;LB 100m;SHM
Rumah Second;Rp1,7 M;Ngemplak, Kab. Sleman;4 KT;LT 169m;LB 150m;SHM
Rumah Second;Rp1,1 M;Ngemplak, Kab. Sleman;4 KT;LT 130m;LB 120m;SHM
Rumah Second;Rp233 Jt;Ngaglik, Kab. Sleman;2 KT;LT 60m;LB 30m;SHM
Rumah Second;Rp1,3 M;Kasihan, Kab. Bantul;3 KT;LT 85m;LB 122m;SHM
Rumah Second;Rp2,1 M;Ngaglik, Kab. Sleman;4 KT;LT 177m;LB 135m;SHM
Rumah Second;Rp585 Jt;Kalasan, Kab. Sleman;3 KT;LT 111m;LB 55m;SHM
Rumah Second;Rp650 Jt;Banguntapan, Kab. Bantul;2 KT;LT 79m;LB 60m;SHM
Rumah Second;Rp2,2 M;Sleman, Kab. Sleman;5 KT;LT 182m;LB 177m;SHM
Rumah Second;Rp575 Jt;Ngaglik, Kab. Sleman;2 KT;LT 96m;LB 50m;SHM
Rumah Second;Rp850 Jt;Banguntapan, Kab. Bantul;3 KT;LT 92m;LB 105m;SHM
Rumah Second;Rp476 Jt;Mlati, Kab. Sleman;2 KT;LT 112m;LB 36m;SHM
Rumah Second;Rp425 Jt;Kasihan, Kab. Bantul;2 KT;LT 107m;LB 55m;SHM
Rumah Second;Rp1,5 M;Depok, Kab. Sleman;3 KT;LT 94m;LB 119m;SHM
Rumah Second;Rp198 Jt;Playen, Kab. Gunung Kidul;2 KT;LT 72m;LB 36m;SHM
Rumah Second;Rp200 Jt;Playen, Kab. Gunung Kidul;2 KT;LT 72m;LB 36m;SHM
Rumah Second;Rp535 Jt;Berbah, Kab. Sleman;2 KT;LT 97m;LB 45m;SHM
Rumah Second;Rp785 Jt;Godean, Kab. Sleman;3 KT;LT 112m;LB 75m;SHM
Rumah Second;Rp495 Jt;Ngaglik, Kab. Sleman;2 KT;LT 112m;LB 36m;SHM
Rumah Second;Rp1,3 M;Ngemplak, Kab. Sleman;3 KT;LT 100m;LB 100m;SHM
Rumah Second;Rp785 Jt;Mlati, Kab. Sleman;3 KT;LT 110m;LB 75m;SHM
Rumah Second;Rp433 Jt;Sedayu, Kab. Bantul;2 KT;LT 82m;LB 55m;SHM
Rumah Second;Rp915 Jt;Banguntapan, Kab. Bantul;3 KT;LT 65m;LB 160m;SHM
Rumah Second;Rp1,4 M;Ngaglik, Kab. Sleman;5 KT;LT 120m;LB 200m;SHM
Rumah Second;Rp1,3 M;Ngemplak, Kab. Sleman;4 KT;LT 116m;LB 140m;SHM
Rumah Second;Rp200 Jt;Moyudan, Kab. Sleman;2 KT;LT 60m;LB 30m;SHM
Rumah Second;Rp799 Jt;Banguntapan, Kab. Bantul;3 KT;LT 119m;LB 95m;SHM
Rumah Second;Rp1,1 M;Ngemplak, Kab. Sleman;3 KT;LT 240m;LB 90m;SHM
Rumah Second;Rp395 Jt;Kasihan, Kab. Bantul;2 KT;LT 106m;LB 50m;SHM
Rumah Second;Rp985 Jt;Gamping, Kab. Sleman;3 KT;LT 96m;LB 52m;SHM
Rumah Second;Rp715 Jt;Gamping, Kab. Sleman;2 KT;LT 100m;LB 65m;SHM
Rumah Second;Rp1,5 M;Depok, Kab. Sleman;4 KT;LT 119m;LB 165m;SHM
Rumah Second;Rp1,2 M;Banguntapan, Kab. Bantul;4 KT;LT 99m;LB 105m;SHM
Rumah Second;Rp845 Jt;Ngemplak, Kab. Sleman;3 KT;LT 123m;LB 75m;SHM
Rumah Second;Rp1 M;Gamping, Kab. Sleman;2 KT;LT 103m;LB 103m;SHM
Rumah Second;Rp550 Jt;Mlati, Kab. Sleman;2 KT;LT 125m;LB 80m;SHM
Rumah Second;Rp160 Jt;Ngaglik, Kab. Sleman;1 KT;LT 20m;LB 18m;SHM
Rumah Second;Rp799 Jt;Ngemplak, Kab. Sleman;4 KT;LT 126m;LB 90m;SHM
Rumah Second;Rp775 Jt;Kalasan, Kab. Sleman;3 KT;LT 105m;LB 70m;SHM
Rumah Second;Rp380 Jt;Pajangan, Kab. Bantul;2 KT;LT 84m;LB 50m;SHM
Rumah Second;Rp5 M;Gamping, Kab. Sleman;7 KT;LT 1000m;LB 300m;HGB
Rumah Second;Rp550 Jt;Depok, Kab. Sleman;2 KT;LT 88m;LB 45m;SHM
Rumah Second;Rp380 Jt;Pajangan, Kab. Bantul;2 KT;LT 84m;LB 58m;SHM
Rumah Second;Rp585 Jt;Sleman, Kab. Sleman;2 KT;LT 112m;LB 50m;SHM
Rumah Second;Rp18 M;Ngaglik, Kab. Sleman;4 KT;LT 800m;LB 600m;HGB
Rumah Second;Rp1,2 M;Depok, Kab. Sleman;3 KT;LT 130m;LB 100m;SHM
Rumah Second;Rp4,5 M;Lendah, Kab. Kulon Progo;3 KT;LT 700m;LB 700m;SHM
Rumah Second;Rp3 M;Depok, Kab. Sleman;24 KT;LT 250m;LB 300m;SHM
Rumah Second;Rp585 Jt;Depok, Kab. Sleman;3 KT;LT 100m;LB 56m;SHM
Rumah Second;Rp5,8 M;Kasihan, Kab. Bantul;5 KT;LT 717m;LB 500m;SHM
Rumah Second;Rp385 Jt;Pajangan, Kab. Bantul;2 KT;LT 90m;LB 50m;SHM
Rumah Second;Rp1,4 M;Kalasan, Kab. Sleman;3 KT;LT 77m;LB 100m;SHM
Rumah Second;Rp925 Jt;Ngaglik, Kab. Sleman;4 KT;LT 120m;LB 130m;SHM
Rumah Second;Rp699 Jt;Depok, Kab. Sleman;11 KT;LT 135m;LB 150m;SHM
Rumah Second;Rp245 Jt;Kalasan, Kab. Sleman;2 KT;LT 75m;LB 36m;SHM
Rumah Second;Rp799 Jt;Ngaglik, Kab. Sleman;3 KT;LT 126m;LB 90m;SHM
Rumah Second;Rp1,5 M;Ngemplak, Kab. Sleman;3 KT;LT 110m;LB 80m;SHM
Rumah Second;Rp799 Jt;Ngemplak, Kab. Sleman;3 KT;LT 120m;LB 85m;SHM
Rumah Second;Rp2,2 M;Gamping, Kab. Sleman;5 KT;LT 150m;LB 336m;SHM
Rumah Second;Rp760 Jt;Ngaglik, Kab. Sleman;3 KT;LT 109m;LB 100m;SHM
Rumah Second;Rp430 Jt;Sedayu, Kab. Bantul;2 KT;LT 81m;LB 36m;SHM
Rumah Second;Rp600 Jt;Kasihan, Kab. Bantul;2 KT;LT 112m;LB 40m;SHM
Rumah Second;Rp1,9 M;Pakem, Kab. Sleman;3 KT;LT 240m;LB 100m;SHM
Rumah Second;Rp1,4 M;Ngaglik, Kab. Sleman;3 KT;LT 201m;LB 201m;SHM
Rumah Second;Rp1,4 M;Sleman, Kab. Sleman;3 KT;LT 77m;LB 100m;SHM
Rumah Second;Rp367 Jt;Godean, Kab. Sleman;2 KT;LT 60m;LB 36m;SHM
Rumah Second;Rp1,4 M;Umbulharjo, Kota Yogyakarta;18 KT;LT 450m;LB 300m;SHM
Rumah Baru;Rp 200 Jt;Patuk, Kab. Gunung Kidul;2 KT;LT 64m;LB 39m;HGB
Rumah Second;Rp2,5 M;Ngaglik, Kab. Sleman;4 KT;LT 190m;LB 190m;SHM
Rumah Baru;Rp 130 Jt;Playen, Kab. Gunung Kidul;2 KT;LT 60m;LB 30m;HGB
Rumah Second;Rp220 Jt;Prambanan, Kab. Sleman;1 KT;LT 60m;LB 21m;SHM
Rumah Second;Rp425 Jt;Seyegan, Kab. Sleman;2 KT;LT 100m;LB 70m;SHM
Rumah Second;Rp515 Jt;Kalasan, Kab. Sleman;2 KT;LT 107m;LB 43m;SHM
Rumah Second;Rp1,8 M;Godean, Kab. Sleman;5 KT;LT 240m;LB 240m;SHM
Rumah Second;Rp550 Jt;Gamping, Kab. Sleman;2 KT;LT 100m;LB 45m;SHM
Rumah Second;Rp695 Jt;Kotagede, Kota Yogyakarta;3 KT;LT 91m;LB 64m;SHM
Rumah Second;Rp3,8 M;Ngaglik, Kab. Sleman;6 KT;LT 1038m;LB 600m;SHM
Rumah Second;Rp500 Jt;Kalasan, Kab. Sleman;2 KT;LT 103m;LB 90m;SHM
Rumah Second;Rp1,6 M;Depok, Kab. Sleman;4 KT;LT 184m;LB 240m;SHM
Rumah Second;Rp425 Jt;Patuk, Kab. Gunung Kidul;2 KT;LT 100m;LB 36m;SHM
Rumah Second;Rp655 Jt;Berbah, Kab. Sleman;3 KT;LT 158m;LB 90m;SHM
Rumah Second;Rp6,8 M;Ngaglik, Kab. Sleman;6 KT;LT 843m;LB 340m;SHM
Rumah Second;Rp685 Jt;Depok, Kab. Sleman;3 KT;LT 107m;LB 46m;SHM
Rumah Second;Rp1,9 M;Ngaglik, Kab. Sleman;3 KT;LT 126m;LB 120m;SHM
Rumah Second;Rp1,7 M;Mantrijeron, Kota Yogyakarta;3 KT;LT 232m;LB 255m;SHM
Rumah Second;Rp385 Jt;Kasihan, Kab. Bantul;2 KT;LT 64m;LB 40m;SHM
Rumah Second;Rp3,9 M;Banguntapan, Kab. Bantul;9 KT;LT 330m;LB 400m;SHM
Rumah Second;Rp650 Jt;Gamping, Kab. Sleman;8 KT;LT 111m;LB 111m;SHM
Rumah Second;Rp950 Jt;Mlati, Kab. Sleman;2 KT;LT 65m;LB 106m;SHM
Rumah Second;Rp550 Jt;Pundong, Kab. Bantul;3 KT;LT 111m;LB 222m;SHM
Rumah Second;Rp900 Jt;Kalasan, Kab. Sleman;4 KT;LT 190m;LB 170m;SHM
Rumah Second;Rp1,2 M;Umbulharjo, Kota Yogyakarta;5 KT;LT 170m;LB 260m;SHM
Rumah Second;Rp1,1 M;Depok, Kab. Sleman;2 KT;LT 109m;LB 109m;SHM
Rumah Second;Rp500 Jt;Kalasan, Kab. Sleman;2 KT;LT 103m;LB 95m;SHM
Rumah Second;Rp900 Jt;Ngaglik, Kab. Sleman;3 KT;LT 130m;LB 80m;SHM
Rumah Second;Rp630 Jt;Gamping, Kab. Sleman;4 KT;LT 150m;LB 130m;SHM
Rumah Second;Rp2,3 M;Godean, Kab. Sleman;3 KT;LT 249m;LB 117m;SHM
Rumah Second;Rp490 Jt;Sedayu, Kab. Bantul;2 KT;LT 84m;LB 45m;SHM
Rumah Second;Rp2,9 M;Gamping, Kab. Sleman;4 KT;LT 134m;LB 154m;SHM
Rumah Second;Rp582 Jt;Berbah, Kab. Sleman;2 KT;LT 85m;LB 46m;SHM
Rumah Second;Rp1,5 M;Ngaglik, Kab. Sleman;3 KT;LT 104m;LB 120m;SHM
Rumah Second;Rp4,8 M;Mlati, Kab. Sleman;4 KT;LT 252m;LB 250m;HGB
Rumah Second;Rp2 M;Mlati, Kab. Sleman;2 KT;LT 174m;LB 100m;SHM
Rumah Second;Rp1,5 M;Kalasan, Kab. Sleman;4 KT;LT 131m;LB 175m;SHM
Rumah Second;Rp495 Jt;Banguntapan, Kab. Bantul;2 KT;LT 97m;LB 50m;SHM
Rumah Second;Rp410 Jt;Kasihan, Kab. Bantul;3 KT;LT 105m;LB 105m;SHM
Rumah Second;Rp1,2 M;Kalasan, Kab. Sleman;4 KT;LT 170m;LB 102m;SHM
Rumah Second;Rp399 Jt;Sedayu, Kab. Bantul;2 KT;LT 82m;LB 45m;SHM
Rumah Second;Rp2,2 M;Kasihan, Kab. Bantul;3 KT;LT 133m;LB 95m;SHM
Rumah Second;Rp725 Jt;Sedayu, Kab. Bantul;3 KT;LT 72m;LB 130m;SHM
Rumah Second;Rp535 Jt;Depok, Kab. Sleman;2 KT;LT 80m;LB 36m;SHM
Rumah Second;Rp710 Jt;Godean, Kab. Sleman;2 KT;LT 88m;LB 47m;HGB
Rumah Second;Rp1,2 M;Prambanan, Kab. Sleman;3 KT;LT 110m;LB 125m;SHM
Rumah Second;Rp825 Jt;Depok, Kab. Sleman;3 KT;LT 99m;LB 66m;SHM
Rumah Second;Rp875 Jt;Mlati, Kab. Sleman;3 KT;LT 131m;LB 70m;SHM
Rumah Second;Rp1,8 M;Ngemplak, Kab. Sleman;3 KT;LT 150m;LB 104m;SHM
Rumah Second;Rp2,3 M;Godean, Kab. Sleman;4 KT;LT 150m;LB 250m;SHM
Rumah Second;Rp1,1 M;Prambanan, Kab. Sleman;3 KT;LT 107m;LB 110m;SHM
Rumah Second;Rp815 Jt;Sleman, Kab. Sleman;3 KT;LT 110m;LB 75m;SHM
Rumah Second;Rp815 Jt;Mlati, Kab. Sleman;3 KT;LT 112m;LB 75m;SHM
Rumah Second;Rp1,5 M;Kasihan, Kab. Bantul;4 KT;LT 128m;LB 250m;SHM
Rumah Second;Rp1,1 M;Depok, Kab. Sleman;3 KT;LT 160m;LB 110m;SHM
Rumah Second;Rp430 Jt;Sedayu, Kab. Bantul;2 KT;LT 36m;LB 81m;SHM
Rumah Second;Rp1,3 M;Ngaglik, Kab. Sleman;3 KT;LT 80m;LB 120m;SHM
Rumah Second;Rp655 Jt;Ngaglik, Kab. Sleman;2 KT;LT 107m;LB 36m;SHM
Rumah Second;Rp465 Jt;Sleman, Kab. Sleman;2 KT;LT 92m;LB 36m;SHM
Rumah Second;Rp800 Jt;Kalasan, Kab. Sleman;3 KT;LT 131m;LB 150m;SHM
Rumah Second;Rp489 Jt;Mlati, Kab. Sleman;2 KT;LT 92m;LB 36m;SHM
Rumah Second;Rp4,6 M;Ngaglik, Kab. Sleman;5 KT;LT 202m;LB 250m;SHM
Rumah Second;Rp2,5 M;Ngemplak, Kab. Sleman;3 KT;LT 176m;LB 170m;SHM
Rumah Second;Rp250 Jt;Depok, Kab. Sleman;2 KT;LT 25m;LB 88m;SHM
Rumah Second;Rp785 Jt;Tegalrejo, Kota Yogyakarta;3 KT;LT 112m;LB 75m;SHM
Rumah Second;Rp4,5 M;Ngemplak, Kab. Sleman;6 KT;LT 319m;LB 405m;SHM
Rumah Second;Rp785 Jt;Gamping, Kab. Sleman;3 KT;LT 112m;LB 75m;SHM
Rumah Second;Rp1,6 M;Ngaglik, Kab. Sleman;3 KT;LT 88m;LB 120m;SHM
Rumah Second;Rp839 Jt;Gamping, Kab. Sleman;2 KT;LT 91m;LB 45m;SHM
Rumah Second;Rp1,4 M;Ngaglik, Kab. Sleman;3 KT;LT 104m;LB 120m;SHM
Rumah Second;Rp585 Jt;Bantul, Kab. Bantul;3 KT;LT 126m;LB 75m;SHM
Rumah Second;Rp785 Jt;Seyegan, Kab. Sleman;3 KT;LT 108m;LB 60m;SHM
Rumah Second;Rp4,5 M;Ngaglik, Kab. Sleman;6 KT;LT 319m;LB 405m;SHM
Rumah Second;Rp650 Jt;Kalasan, Kab. Sleman;3 KT;LT 121m;LB 85m;SHM
Rumah Second;Rp495 Jt;Jetis, Kota Yogyakarta;2 KT;LT 112m;LB 36m;SHM
Rumah Second;Rp2,3 M;Sewon, Kab. Bantul;5 KT;LT 120m;LB 150m;SHM
Rumah Second;Rp1,2 M;Banguntapan, Kab. Bantul;4 KT;LT 105m;LB 95m;SHM
Rumah Second;Rp541,5 Jt;Mlati, Kab. Sleman;2 KT;LT 120m;LB 36m;SHM
Rumah Second;Rp1,6 M;Gamping, Kab. Sleman;4 KT;LT 110m;LB 90m;SHM
Rumah Second;Rp585 Jt;Ngaglik, Kab. Sleman;2 KT;LT 83m;LB 50m;HGB
Rumah Second;Rp765 Jt;Seyegan, Kab. Sleman;2 KT;LT 108m;LB 50m;SHM
Rumah Second;Rp3,3 M;Gedongtengen (Gedong Tengen), Kota Yogyakarta;3 KT;LT 166m;LB 135m;HGB
Rumah Second;Rp4,4 M;Gedongtengen (Gedong Tengen), Kota Yogyakarta;3 KT;LT 260m;LB 142m;HGB
Rumah Second;Rp2,1 M;Gondokusuman, Kota Yogyakarta;3 KT;LT 111m;LB 107m;HGB
Rumah Second;Rp450 Jt;Mergangsan, Kota Yogyakarta;4 KT;LT 91m;LB 91m;SHM
Rumah Second;Rp520 Jt;Bantul, Kab. Bantul;3 KT;LT 107m;LB 75m;SHM
Rumah Second;Rp570 Jt;Ngemplak, Kab. Sleman;2 KT;LT 70m;LB 40m;SHM
Rumah Second;Rp395 Jt;Kalasan, Kab. Sleman;2 KT;LT 94m;LB 50m;SHM
Rumah Second;Rp650 Jt;Sleman, Kab. Sleman;2 KT;LT 100m;LB 45m;SHM
Rumah Second;Rp1,4 M;Ngaglik, Kab. Sleman;4 KT;LT 104m;LB 136m;SHM
Rumah Second;Rp800 Jt;Jetis, Kota Yogyakarta;3 KT;LT 123m;LB 73m;SHM
Rumah Second;Rp1,4 M;Ngaglik, Kab. Sleman;3 KT;LT 138m;LB 83m;SHM
Rumah Second;Rp623 Jt;Depok, Kab. Sleman;3 KT;LT 91m;LB 60m;SHM
Rumah Second;Rp350 Jt;Moyudan, Kab. Sleman;2 KT;LT 106m;LB 50m;SHM
Rumah Second;Rp199 Jt;Kalasan, Kab. Sleman;2 KT;LT 64m;LB 26m;SHM
Rumah Second;Rp895 Jt;Ngaglik, Kab. Sleman;2 KT;LT 84m;LB 48m;SHM
Rumah Second;Rp2,5 M;Ngaglik, Kab. Sleman;6 KT;LT 210m;LB 240m;SHM
Rumah Second;Rp395 Jt;Gamping, Kab. Sleman;2 KT;LT 80m;LB 45m;SHM
Rumah Second;Rp199 Jt;Prambanan, Kab. Sleman;2 KT;LT 64m;LB 26m;SHM
Rumah Second;Rp750 Jt;Mlati, Kab. Sleman;3 KT;LT 130m;LB 60m;SHM
Rumah Second;Rp750 Jt;Mlati, Kab. Sleman;3 KT;LT 109m;LB 70m;HGB
Rumah Second;Rp2,3 M;Ngaglik, Kab. Sleman;4 KT;LT 123m;LB 145m;SHM
Rumah Second;Rp798,9 Jt;Ngemplak, Kab. Sleman;3 KT;LT 126m;LB 90m;SHM
Rumah Second;Rp175 Jt;Wonosari, Kab. Gunung Kidul;2 KT;LT 60m;LB 36m;HGB
Rumah Second;Rp550 Jt;Kalasan, Kab. Sleman;2 KT;LT 88m;LB 45m;SHM
Rumah Second;Rp1,8 M;Ngaglik, Kab. Sleman;3 KT;LT 121m;LB 100m;SHM
Rumah Second;Rp598 Jt;Mlati, Kab. Sleman;2 KT;LT 102m;LB 50m;SHM
Rumah Second;Rp750 Jt;Sleman, Kab. Sleman;3 KT;LT 120m;LB 60m;SHM
Rumah Second;Rp625 Jt;Banguntapan, Kab. Bantul;2 KT;LT 101m;LB 45m;SHM
Rumah Second;Rp480 Jt;Berbah, Kab. Sleman;2 KT;LT 140m;LB 50m;SHM
Rumah Second;Rp2,5 M;Kretek, Kab. Bantul;8 KT;LT 256m;LB 350m;SHM
Rumah Second;Rp3 M;Ngaglik, Kab. Sleman;7 KT;LT 225m;LB 400m;SHM
Rumah Second;Rp625 Jt;Kalasan, Kab. Sleman;3 KT;LT 91m;LB 60m;SHM
Rumah Second;Rp1,6 M;Kalasan, Kab. Sleman;3 KT;LT 113m;LB 125m;SHM
Rumah Second;Rp550 Jt;Kalasan, Kab. Sleman;3 KT;LT 101m;LB 80m;SHM
Rumah Second;Rp350 Jt;Sedayu, Kab. Bantul;2 KT;LT 88m;LB 45m;SHM
Rumah Second;Rp535 Jt;Depok, Kab. Sleman;2 KT;LT 80m;LB 50m;SHM
Rumah Second;Rp1,6 M;Ngaglik, Kab. Sleman;5 KT;LT 154m;LB 320m;SHM
Rumah Second;Rp750 Jt;Mantrijeron, Kota Yogyakarta;2 KT;LT 119m;LB 100m;SHM
Rumah Second;Rp1,9 M;Godean, Kab. Sleman;5 KT;LT 142m;LB 190m;SHM
Rumah Second;Rp1,2 M;Godean, Kab. Sleman;3 KT;LT 148m;LB 90m;SHM
Rumah Second;Rp1,5 M;Kalasan, Kab. Sleman;4 KT;LT 131m;LB 120m;SHM
Rumah Second;Rp460 Jt;Kasihan, Kab. Bantul;3 KT;LT 98m;LB 60m;SHM
Rumah Second;Rp1,1 M;Kasihan, Kab. Bantul;3 KT;LT 108m;LB 80m;SHM
Rumah Second;Rp1,3 M;Kalasan, Kab. Sleman;4 KT;LT 207m;LB 160m;SHM
Rumah Second;Rp650 Jt;Ngemplak, Kab. Sleman;3 KT;LT 104m;LB 70m;SHM
Rumah Second;Rp550 Jt;Kalasan, Kab. Sleman;2 KT;LT 89m;LB 51m;SHM
Rumah Second;Rp27 Jt;Ngaglik, Kab. Sleman;4 KT;LT 100m;LB 80m;SHM
Rumah Second;Rp775 Jt;Kalasan, Kab. Sleman;3 KT;LT 106m;LB 70m;SHM
Rumah Second;Rp800 Jt;Gamping, Kab. Sleman;3 KT;LT 123m;LB 73m;SHM
Rumah Second;Rp398 Jt;Seyegan, Kab. Sleman;2 KT;LT 107m;LB 36m;SHM
Rumah Second;Rp485 Jt;Sewon, Kab. Bantul;2 KT;LT 80m;LB 45m;SHM
Rumah Second;Rp800 Jt;Godean, Kab. Sleman;3 KT;LT 123m;LB 73m;SHM
Rumah Second;Rp470 Jt;Kasihan, Kab. Bantul;2 KT;LT 80m;LB 40m;SHM
Rumah Second;Rp2,6 M;Kalasan, Kab. Sleman;2 KT;LT 354m;LB 234m;SHM
Rumah Second;Rp750 Jt;Sleman, Kab. Sleman;2 KT;LT 100m;LB 50m;SHM
Rumah Second;Rp597 Jt;Kasihan, Kab. Bantul;2 KT;LT 78m;LB 45m;SHM
Rumah Second;Rp220 Jt;Berbah, Kab. Sleman;1 KT;LT 60m;LB 21m;SHM
Rumah Second;Rp453 Jt;Kasihan, Kab. Bantul;2 KT;LT 80m;LB 40m;SHM
Rumah Second;Rp400 Jt;Prambanan, Kab. Sleman;2 KT;LT 45m;LB 36m;SHM
Rumah Second;Rp563 Jt;Kasihan, Kab. Bantul;2 KT;LT 78m;LB 45m;SHM
Rumah Second;Rp580 Jt;Kasihan, Kab. Bantul;2 KT;LT 78m;LB 45m;SHM
Rumah Second;Rp775 Jt;Ngaglik, Kab. Sleman;2 KT;LT 110m;LB 54m;SHM
Rumah Second;Rp490 Jt;Kasihan, Kab. Bantul;2 KT;LT 77m;LB 45m;SHM
Rumah Second;Rp550 Jt;Seyegan, Kab. Sleman;2 KT;LT 125m;LB 80m;SHM
Rumah Second;Rp625 Jt;Berbah, Kab. Sleman;2 KT;LT 124m;LB 70m;SHM
Rumah Second;Rp850 Jt;Semanu, Kab. Gunung Kidul;3 KT;LT 300m;LB 200m;SHM
Rumah Second;Rp495 Jt;Mlati, Kab. Sleman;2 KT;LT 112m;LB 36m;SHM
Rumah Second;Rp475 Jt;Kasihan, Kab. Bantul;2 KT;LT 77m;LB 45m;SHM
Rumah Second;Rp550,1 Jt;Mlati, Kab. Sleman;2 KT;LT 125m;LB 80m;SHM
Rumah Second;Rp875 Jt;Ngaglik, Kab. Sleman;3 KT;LT 107m;LB 70m;SHM
Rumah Second;Rp750 Jt;Kalasan, Kab. Sleman;3 KT;LT 210m;LB 170m;SHM
Rumah Second;Rp660 Jt;Kasihan, Kab. Bantul;3 KT;LT 78m;LB 104m;SHM
Rumah Second;Rp375 Jt;Mantrijeron, Kota Yogyakarta;2 KT;LT 80m;LB 45m;SHM
Rumah Second;Rp625 Jt;Godean, Kab. Sleman;3 KT;LT 100m;LB 70m;SHM
Rumah Second;Rp290 Jt;Bantul, Kab. Bantul;2 KT;LT 60m;LB 30m;HGB
Rumah Second;Rp583 Jt;Berbah, Kab. Sleman;2 KT;LT 86m;LB 46m;SHM
Rumah Second;Rp650 Jt;Kasihan, Kab. Bantul;3 KT;LT 126m;LB 108m;SHM
Rumah Second;Rp525 Jt;Gamping, Kab. Sleman;2 KT;LT 129m;LB 75m;SHM
Rumah Second;Rp7,9 M;Umbulharjo, Kota Yogyakarta;6 KT;LT 305m;LB 280m;HGB
Rumah Second;Rp2,1 M;Kalasan, Kab. Sleman;4 KT;LT 150m;LB 160m;SHM
Rumah Second;Rp1,6 M;Depok, Kab. Sleman;3 KT;LT 151m;LB 110m;Tidak Tersedia
Rumah Second;Rp535 Jt;Sleman, Kab. Sleman;3 KT;LT 90m;LB 60m;SHM
Rumah Second;Rp275 Jt;Prambanan, Kab. Sleman;2 KT;LT 60m;LB 40m;SHM
Rumah Second;Rp750 Jt;Kalasan, Kab. Sleman;3 KT;LT 95m;LB 80m;SHM
Rumah Second;Rp680 Jt;Kalasan, Kab. Sleman;3 KT;LT 97m;LB 65m;SHM
Rumah Second;Rp5,4 M;Depok, Kab. Sleman;5 KT;LT 482m;LB 700m;SHM
Rumah Second;Rp477 Jt;Jetis, Kab. Bantul;2 KT;LT 93m;LB 60m;SHM
Rumah Second;Rp520 Jt;Bantul, Kab. Bantul;3 KT;LT 107m;LB 70m;SHM
Rumah Second;Rp453 Jt;Sleman, Kab. Sleman;3 KT;LT 88m;LB 50m;SHM
Rumah Second;Rp1,8 M;Kalasan, Kab. Sleman;4 KT;LT 630m;LB 400m;SHM
Rumah Second;Rp1,8 M;Pakem, Kab. Sleman;2 KT;LT 683m;LB 300m;SHM
Rumah Second;Rp6,5 M;Kasihan, Kab. Bantul;5 KT;LT 451m;LB 650m;SHM
Rumah Second;Rp6,8 M;Gondokusuman, Kota Yogyakarta;4 KT;LT 450m;LB 350m;SHM
Rumah Second;Rp350 Jt;Moyudan, Kab. Sleman;2 KT;LT 60m;LB 36m;SHM
Rumah Second;Rp2,5 M;Ngaglik, Kab. Sleman;3 KT;LT 446m;LB 161m;SHM
Rumah Second;Rp1,6 M;Gamping, Kab. Sleman;3 KT;LT 120m;LB 218m;SHM
Rumah Second;Rp450 Jt;Wirobrajan, Kota Yogyakarta;2 KT;LT 100m;LB 55m;SHM
Rumah Second;Rp720 Jt;Ngaglik, Kab. Sleman;2 KT;LT 92m;LB 51m;SHM
Rumah Second;Rp350 Jt;Prambanan, Kab. Sleman;2 KT;LT 84m;LB 36m;SHM
Rumah Second;Rp3 M;Kasihan, Kab. Bantul;4 KT;LT 262m;LB 250m;SHM
Rumah Second;Rp535 Jt;Sleman, Kab. Sleman;3 KT;LT 90m;LB 55m;SHM
Rumah Second;Rp299 Jt;Godean, Kab. Sleman;2 KT;LT 60m;LB 30m;HGB
Rumah Second;Rp925 Jt;Ngaglik, Kab. Sleman;3 KT;LT 90m;LB 45m;SHM
Rumah Second;Rp1,1 M;Ngaglik, Kab. Sleman;3 KT;LT 90m;LB 72m;SHM
Rumah Second;Rp3 M;Mantrijeron, Kota Yogyakarta;2 KT;LT 280m;LB 150m;SHM
Rumah Second;Rp585 Jt;Kalasan, Kab. Sleman;3 KT;LT 112m;LB 55m;SHM
Rumah Second;Rp70 Jt;Wates, Kab. Kulon Progo;2 KT;LT 65m;LB 30m;SHM
Rumah Second;Rp810 Jt;Ngemplak, Kab. Sleman;3 KT;LT 124m;LB 90m;SHM
Rumah Second;Rp5 M;Ngaglik, Kab. Sleman;6 KT;LT 470m;LB 320m;SHM
Rumah Second;Rp1,3 M;Kalasan, Kab. Sleman;5 KT;LT 125m;LB 150m;SHM
Rumah Second;Rp4,5 M;Depok, Kab. Sleman;3 KT;LT 551m;LB 250m;SHM
Rumah Second;Rp475 Jt;Banguntapan, Kab. Bantul;2 KT;LT 66m;LB 40m;SHM
Rumah Second;Rp390 Jt;Mantrijeron, Kota Yogyakarta;2 KT;LT 78m;LB 71m;SHM
Rumah Second;Rp650 Jt;Sewon, Kab. Bantul;3 KT;LT 180m;LB 110m;SHM
Rumah Second;Rp769 Jt;Mlati, Kab. Sleman;3 KT;LT 130m;LB 60m;SHM
Rumah Second;Rp690 Jt;Ngaglik, Kab. Sleman;2 KT;LT 121m;LB 50m;SHM
Rumah Second;Rp1,6 M;Ngaglik, Kab. Sleman;3 KT;LT 110m;LB 128m;SHM
Rumah Second;Rp2 M;Banguntapan, Kab. Bantul;4 KT;LT 104m;LB 120m;SHM
Rumah Second;Rp520 Jt;Kalasan, Kab. Sleman;2 KT;LT 81m;LB 50m;SHM
Rumah Second;Rp1,9 M;Ngaglik, Kab. Sleman;6 KT;LT 125m;LB 140m;SHM
Rumah Second;Rp1,1 M;Ngemplak, Kab. Sleman;4 KT;LT 120m;LB 130m;SHM
Rumah Second;Rp675 Jt;Ngaglik, Kab. Sleman;3 KT;LT 90m;LB 59m;SHM
Rumah Second;Rp258 Jt;Berbah, Kab. Sleman;2 KT;LT 70m;LB 30m;SHM
Rumah Second;Rp1,6 M;Sewon, Kab. Bantul;4 KT;LT 201m;LB 150m;SHM
Rumah Second;Rp725 Jt;Ngaglik, Kab. Sleman;3 KT;LT 99m;LB 75m;SHM
Rumah Second;Rp1,1 M;Ngemplak, Kab. Sleman;4 KT;LT 100m;LB 108m;SHM
Rumah Second;Rp730 Jt;Kalasan, Kab. Sleman;3 KT;LT 121m;LB 85m;SHM
Rumah Second;Rp210 Jt;Sedayu, Kab. Bantul;2 KT;LT 60m;LB 30m;SHM
Rumah Second;Rp950 Jt;Gondokusuman, Kota Yogyakarta;3 KT;LT 90m;LB 66m;SHM
Rumah Second;Rp455 Jt;Banguntapan, Kab. Bantul;2 KT;LT 75m;LB 55m;SHM
Rumah Second;Rp950 Jt;Prambanan, Kab. Sleman;3 KT;LT 118m;LB 138m;SHM
Rumah Second;Rp3,8 M;Pakem, Kab. Sleman;5 KT;LT 472m;LB 220m;SHM
Rumah Second;Rp735 Jt;Berbah, Kab. Sleman;3 KT;LT 108m;LB 82m;SHM
Rumah Second;Rp530 Jt;Seyegan, Kab. Sleman;2 KT;LT 90m;LB 50m;SHM
Rumah Second;Rp1,4 M;Ngemplak, Kab. Sleman;4 KT;LT 116m;LB 140m;SHM
Rumah Second;Rp560,7 Jt;Kalasan, Kab. Sleman;3 KT;LT 103m;LB 55m;SHM
Rumah Second;Rp450 Jt;Banguntapan, Kab. Bantul;2 KT;LT 75m;LB 40m;SHM
Rumah Second;Rp535 Jt;Ngemplak, Kab. Sleman;2 KT;LT 80m;LB 36m;SHM
Rumah Second;Rp2,3 M;Ngaglik, Kab. Sleman;4 KT;LT 130m;LB 155m;SHM
Rumah Second;Rp585 Jt;Kalasan, Kab. Sleman;3 KT;LT 103m;LB 55m;SHM
Rumah Second;Rp593 Jt;Depok, Kab. Sleman;2 KT;LT 90m;LB 36m;SHM
Rumah Second;Rp555 Jt;Godean, Kab. Sleman;3 KT;LT 105m;LB 65m;SHM
Rumah Second;Rp995 Jt;Ngemplak, Kab. Sleman;3 KT;LT 103m;LB 100m;SHM
Rumah Second;Rp592 Jt;Kalasan, Kab. Sleman;2 KT;LT 90m;LB 36m;SHM
Rumah Second;Rp1,6 M;Depok, Kab. Sleman;3 KT;LT 130m;LB 130m;SHM
Rumah Second;Rp995 Jt;Gondokusuman, Kota Yogyakarta;3 KT;LT 103m;LB 100m;SHM
Rumah Second;Rp640 Jt;Mlati, Kab. Sleman;2 KT;LT 95m;LB 50m;SHM
Rumah Second;Rp899 Jt;Prambanan, Kab. Sleman;4 KT;LT 126m;LB 176m;SHM
Rumah Second;Rp1,4 M;Ngaglik, Kab. Sleman;3 KT;LT 161m;LB 100m;SHM
Rumah Second;Rp2,7 M;Depok, Kab. Sleman;4 KT;LT 765m;LB 200m;SHM
Rumah Second;Rp968 Jt;Godean, Kab. Sleman;3 KT;LT 105m;LB 60m;SHM
Rumah Second;Rp1,1 M;Depok, Kab. Sleman;3 KT;LT 118m;LB 120m;SHM
Rumah Baru;Rp 260 Jt - Rp 473 Jt;Wonosari, Kab. Gunung Kidul;2 KT;LT 84-120m;LB 45-60m;HGB
Rumah Second;Rp680 Jt;Ngaglik, Kab. Sleman;2 KT;LT 91m;LB 50m;SHM
Rumah Second;Rp1,3 M;Gamping, Kab. Sleman;3 KT;LT 1120m;LB 218m;SHM
Rumah Second;Rp898 Jt;Ngemplak, Kab. Sleman;3 KT;LT 90m;LB 65m;SHM
Rumah Second;Rp592 Jt;Kotagede, Kota Yogyakarta;2 KT;LT 90m;LB 36m;SHM
Rumah Second;Rp1,4 M;Pakem, Kab. Sleman;2 KT;LT 683m;LB 500m;SHM
Rumah Second;Rp27 M;Mantrijeron, Kota Yogyakarta;5 KT;LT 768m;LB 700m;SHM
Rumah Second;Rp1,7 M;Depok, Kab. Sleman;3 KT;LT 134m;LB 200m;SHM
Rumah Second;Rp1,6 M;Godean, Kab. Sleman;3 KT;LT 100m;LB 108m;SHM
Rumah Second;Rp550 Jt;Kasihan, Kab. Bantul;3 KT;LT 91m;LB 60m;SHM
Rumah Second;Rp4,5 M;Ngaglik, Kab. Sleman;5 KT;LT 600m;LB 500m;SHM
Rumah Second;Rp1 M;Ngaglik, Kab. Sleman;3 KT;LT 114m;LB 95m;SHM
Rumah Second;Rp4 M;Kraton, Kota Yogyakarta;7 KT;LT 180m;LB 240m;SHM
Rumah Second;Rp1,3 M;Sewon, Kab. Bantul;4 KT;LT 136m;LB 136m;SHM
Rumah Second;Rp1,1 M;Banguntapan, Kab. Bantul;4 KT;LT 251m;LB 80m;SHM
Rumah Second;Rp2 M;Sewon, Kab. Bantul;3 KT;LT 161m;LB 200m;SHM
Rumah Second;Rp775 Jt;Kalasan, Kab. Sleman;3 KT;LT 120m;LB 70m;SHM
Rumah Second;Rp1 M;Kalasan, Kab. Sleman;4 KT;LT 112m;LB 160m;SHM
Rumah Second;Rp850 Jt;Kalasan, Kab. Sleman;3 KT;LT 149m;LB 65m;SHM
Rumah Second;Rp3,3 M;Sleman, Kab. Sleman;4 KT;LT 711m;LB 255m;SHM
Rumah Second;Rp593 Jt;Mlati, Kab. Sleman;2 KT;LT 102m;LB 50m;SHM
Rumah Second;Rp495,5 Jt;Ngaglik, Kab. Sleman;2 KT;LT 112m;LB 36m;SHM
Rumah Second;Rp690 Jt;Banguntapan, Kab. Bantul;3 KT;LT 100m;LB 60m;SHM
Rumah Second;Rp2 M;Ngaglik, Kab. Sleman;4 KT;LT 155m;LB 138m;SHM
Rumah Second;Rp650 Jt;Sewon, Kab. Bantul;4 KT;LT 107m;LB 150m;SHM
Rumah Second;Rp594 Jt;Depok, Kab. Sleman;2 KT;LT 104m;LB 50m;SHM
Rumah Second;Rp833 Jt;Gamping, Kab. Sleman;2 KT;LT 108m;LB 76m;SHM
Rumah Second;Rp498 Jt;Sleman, Kab. Sleman;2 KT;LT 112m;LB 36m;SHM
Rumah Second;Rp1 M;Ngemplak, Kab. Sleman;3 KT;LT 230m;LB 165m;SHM
Rumah Second;Rp750 Jt;Depok, Kab. Sleman;2 KT;LT 100m;LB 50m;SHM
Rumah Second;Rp390 Jt;Sedayu, Kab. Bantul;2 KT;LT 78m;LB 40m;SHM
Rumah Second;Rp1,1 M;Mlati, Kab. Sleman;2 KT;LT 98m;LB 70m;SHM
Rumah Second;Rp1,1 M;Imogiri, Kab. Bantul;3 KT;LT 173m;LB 173m;SHM
Rumah Second;Rp3,7 M;Kasihan, Kab. Bantul;4 KT;LT 305m;LB 195m;SHM
Rumah Second;Rp2 M;Depok, Kab. Sleman;4 KT;LT 271m;LB 250m;SHM
Rumah Second;Rp975 Jt;Kasihan, Kab. Bantul;2 KT;LT 207m;LB 90m;SHM
Rumah Second;Rp1,4 M;Ngaglik, Kab. Sleman;6 KT;LT 160m;LB 262m;SHM
Rumah Second;Rp1,3 M;Umbulharjo, Kota Yogyakarta;3 KT;LT 113m;LB 120m;SHM
Rumah Second;Rp2,2 M;Depok, Kab. Sleman;14 KT;LT 193m;LB 103m;SHM
Rumah Second;Rp350 Jt;Moyudan, Kab. Sleman;2 KT;LT 36m;LB 60m;HGB
Rumah Second;Rp1,7 M;Ngaglik, Kab. Sleman;4 KT;LT 121m;LB 250m;SHM
Rumah Second;Rp1,1 M;Banguntapan, Kab. Bantul;5 KT;LT 144m;LB 200m;SHM
Rumah Second;Rp6 M;Ngemplak, Kab. Sleman;13 KT;LT 355m;LB 500m;SHM
Rumah Second;Rp500 Jt;Kalasan, Kab. Sleman;2 KT;LT 120m;LB 45m;SHM
Rumah Second;Rp2,2 M;Ngemplak, Kab. Sleman;3 KT;LT 245m;LB 200m;SHM
Rumah Second;Rp985 Jt;Gamping, Kab. Sleman;3 KT;LT 96m;LB 82m;SHM
Rumah Second;Rp350 Jt;Pleret, Kab. Bantul;2 KT;LT 36m;LB 60m;HGB
Rumah Second;Rp399 Jt;Godean, Kab. Sleman;2 KT;LT 81m;LB 45m;SHM
Rumah Second;Rp398 Jt;Sedayu, Kab. Bantul;2 KT;LT 80m;LB 45m;SHM
Rumah Second;Rp495 Jt;Ngaglik, Kab. Sleman;1 KT;LT 80m;LB 36m;SHM
Rumah Second;Rp2,1 M;Sewon, Kab. Bantul;4 KT;LT 219m;LB 185m;SHM
Rumah Second;Rp1,4 M;Ngaglik, Kab. Sleman;3 KT;LT 121m;LB 100m;SHM
Rumah Second;Rp500 Jt;Sewon, Kab. Bantul;3 KT;LT 147m;LB 65m;SHM
Rumah Second;Rp498 Jt;Mlati, Kab. Sleman;2 KT;LT 112m;LB 36m;SHM
Rumah Second;Rp2,6 M;Banguntapan, Kab. Bantul;3 KT;LT 163m;LB 142m;SHM
Rumah Second;Rp385 Jt;Kasihan, Kab. Bantul;2 KT;LT 137m;LB 75m;SHM
Rumah Second;Rp485 Jt;Bantul, Kab. Bantul;2 KT;LT 83m;LB 45m;SHM
Rumah Second;Rp750 Jt;Sewon, Kab. Bantul;4 KT;LT 100m;LB 95m;SHM
Rumah Second;Rp1,7 M;Ngemplak, Kab. Sleman;3 KT;LT 119m;LB 119m;SHM
Rumah Second;Rp770 Jt;Kalasan, Kab. Sleman;3 KT;LT 141m;LB 150m;SHM
Rumah Second;Rp985 Jt;Berbah, Kab. Sleman;3 KT;LT 145m;LB 85m;SHM
Rumah Second;Rp545 Jt;Berbah, Kab. Sleman;3 KT;LT 100m;LB 45m;SHM
Rumah Second;Rp825 Jt;Gondokusuman, Kota Yogyakarta;3 KT;LT 99m;LB 66m;SHM
Rumah Second;Rp375 Jt;Sedayu, Kab. Bantul;2 KT;LT 76m;LB 36m;SHM
Rumah Second;Rp3,5 M;Ngaglik, Kab. Sleman;13 KT;LT 232m;LB 260m;SHM
Rumah Second;Rp3,2 M;Ngaglik, Kab. Sleman;4 KT;LT 190m;LB 200m;SHM
Rumah Second;Rp4,9 M;Ngaglik, Kab. Sleman;5 KT;LT 262m;LB 300m;SHM
Rumah Second;Rp785 Jt;Jetis, Kota Yogyakarta;3 KT;LT 110m;LB 75m;SHM
Rumah Second;Rp840 Jt;Depok, Kab. Sleman;3 KT;LT 91m;LB 90m;SHM
Rumah Second;Rp395 Jt;Bantul, Kab. Bantul;2 KT;LT 80m;LB 45m;SHM
Rumah Second;Rp3,2 M;Sleman, Kab. Sleman;5 KT;LT 158m;LB 180m;SHM
Rumah Second;Rp600 Jt;Kalasan, Kab. Sleman;2 KT;LT 120m;LB 55m;SHM
Rumah Second;Rp550 Jt;Mlati, Kab. Sleman;3 KT;LT 124m;LB 58m;SHM
Rumah Second;Rp3,5 M;Ngaglik, Kab. Sleman;6 KT;LT 1038m;LB 600m;SHM
Rumah Second;Rp2 M;Kasihan, Kab. Bantul;3 KT;LT 240m;LB 150m;SHM
Rumah Second;Rp2,8 M;Tegalrejo, Kota Yogyakarta;3 KT;LT 192m;LB 111m;SHM
Rumah Second;Rp3,2 M;Mlati, Kab. Sleman;5 KT;LT 158m;LB 180m;SHM
Rumah Second;Rp698 Jt;Kalasan, Kab. Sleman;2 KT;LT 106m;LB 55m;SHM
Rumah Second;Rp485 Jt;Gamping, Kab. Sleman;2 KT;LT 90m;LB 45m;SHM
Rumah Second;Rp265 Jt;Kasihan, Kab. Bantul;2 KT;LT 60m;LB 36m;SHM
Rumah Second;Rp6,8 M;Ngaglik, Kab. Sleman;6 KT;LT 843m;LB 450m;SHM
Rumah Second;Rp350 Jt;Moyudan, Kab. Sleman;2 KT;LT 105m;LB 50m;SHM
Rumah Second;Rp9,9 M;Depok, Kab. Sleman;4 KT;LT 682m;LB 150m;SHM
Rumah Second;Rp463 Jt;Mlati, Kab. Sleman;2 KT;LT 92m;LB 36m;SHM
Rumah Second;Rp17 M;Kasihan, Kab. Bantul;20 KT;LT 1250m;LB 871m;SHM
Rumah Second;Rp968 Jt;Godean, Kab. Sleman;3 KT;LT 105m;LB 60m;HGB
Rumah Second;Rp3,9 M;Kalasan, Kab. Sleman;6 KT;LT 296m;LB 288m;SHM
Rumah Second;Rp1,5 M;Depok, Kab. Sleman;3 KT;LT 110m;LB 80m;SHM
Rumah Second;Rp575 Jt;Kalasan, Kab. Sleman;3 KT;LT 101m;LB 80m;SHM
Rumah Second;Rp2,7 M;Depok, Kab. Sleman;4 KT;LT 150m;LB 190m;SHM
Rumah Second;Rp850 Jt;Ngaglik, Kab. Sleman;3 KT;LT 120m;LB 60m;SHM
Rumah Second;Rp815 Jt;Gondokusuman, Kota Yogyakarta;3 KT;LT 112m;LB 75m;SHM
Rumah Second;Rp850 Jt;Depok, Kab. Sleman;3 KT;LT 92m;LB 80m;SHM
Rumah Second;Rp1,7 M;Depok, Kab. Sleman;4 KT;LT 160m;LB 119m;SHM
Rumah Second;Rp859 Jt;Kasihan, Kab. Bantul;3 KT;LT 126m;LB 69m;HGB
Rumah Second;Rp1,2 M;Ngemplak, Kab. Sleman;4 KT;LT 90m;LB 170m;SHM
Rumah Second;Rp485 Jt;Depok, Kab. Sleman;2 KT;LT 80m;LB 36m;SHM
Rumah Second;Rp666,5 Jt;Sleman, Kab. Sleman;2 KT;LT 102m;LB 50m;SHM
Rumah Second;Rp1,5 M;Ngaglik, Kab. Sleman;3 KT;LT 110m;LB 90m;SHM
Rumah Second;Rp875 Jt;Kalasan, Kab. Sleman;3 KT;LT 121m;LB 138m;SHM
Rumah Second;Rp3,5 M;Mlati, Kab. Sleman;5 KT;LT 334m;LB 135m;SHM
Rumah Second;Rp748 Jt;Ngaglik, Kab. Sleman;2 KT;LT 103m;LB 65m;SHM
Rumah Second;Rp2,3 M;Ngaglik, Kab. Sleman;4 KT;LT 149m;LB 175m;SHM
Rumah Second;Rp695 Jt;Depok, Kab. Sleman;2 KT;LT 80m;LB 45m;SHM
Rumah Second;Rp1,1 M;Depok, Kab. Sleman;3 KT;LT 111m;LB 90m;SHM
Rumah Second;Rp620 Jt;Gamping, Kab. Sleman;2 KT;LT 85m;LB 45m;SHM
Rumah Second;Rp800 Jt;Umbulharjo, Kota Yogyakarta;11 KT;LT 79m;LB 148m;SHM
Rumah Second;Rp5,7 M;Depok, Kab. Sleman;19 KT;LT 976m;LB 786m;SHM
Rumah Second;Rp1,9 M;Ngaglik, Kab. Sleman;5 KT;LT 144m;LB 120m;SHM
Rumah Second;Rp4,6 M;Gamping, Kab. Sleman;5 KT;LT 307m;LB 300m;HGB
Rumah Second;Rp1,3 M;Ngaglik, Kab. Sleman;3 KT;LT 88m;LB 125m;SHM
Rumah Second;Rp455 Jt;Sedayu, Kab. Bantul;2 KT;LT 81m;LB 36m;SHM
Rumah Second;Rp1,3 M;Depok, Kab. Sleman;3 KT;LT 116m;LB 130m;SHM
Rumah Second;Rp380 Jt;Kasihan, Kab. Bantul;3 KT;LT 100m;LB 60m;SHM
Rumah Second;Rp6,5 M;Ngaglik, Kab. Sleman;9 KT;LT 2360m;LB 1000m;SHM
Rumah Second;Rp497 Jt;Banguntapan, Kab. Bantul;2 KT;LT 84m;LB 47m;SHM
Rumah Second;Rp250 Jt;Kalasan, Kab. Sleman;2 KT;LT 71m;LB 30m;SHM
Rumah Second;Rp785 Jt;Godean, Kab. Sleman;3 KT;LT 123m;LB 73m;SHM
Rumah Second;Rp785 Jt;Gamping, Kab. Sleman;3 KT;LT 123m;LB 73m;SHM
Rumah Second;Rp725 Jt;Depok, Kab. Sleman;3 KT;LT 114m;LB 71m;SHM
Rumah Second;Rp725,5 Jt;Godean, Kab. Sleman;3 KT;LT 114m;LB 70m;SHM
Rumah Second;Rp375 Jt;Prambanan, Kab. Sleman;2 KT;LT 80m;LB 30m;SHM
Rumah Second;Rp375 Jt;Kalasan, Kab. Sleman;2 KT;LT 80m;LB 30m;SHM
Rumah Second;Rp825 Jt;Ngaglik, Kab. Sleman;3 KT;LT 126m;LB 70m;SHM
Rumah Second;Rp552 Jt;Seyegan, Kab. Sleman;3 KT;LT 124m;LB 58m;SHM
Rumah Second;Rp9,9 M;Sleman, Kab. Sleman;5 KT;LT 478m;LB 300m;SHM
Rumah Second;Rp463 Jt;Sleman, Kab. Sleman;2 KT;LT 92m;LB 36m;SHM
Rumah Second;Rp395 Jt;Kasihan, Kab. Bantul;2 KT;LT 78m;LB 36m;SHM
Rumah Second;Rp629 Jt;Mlati, Kab. Sleman;3 KT;LT 102m;LB 53m;SHM
Rumah Second;Rp1,2 M;Bantul, Kab. Bantul;6 KT;LT 140m;LB 130m;SHM
Rumah Second;Rp1,6 M;Ngemplak, Kab. Sleman;3 KT;LT 130m;LB 130m;SHM
Rumah Second;Rp398 Jt;Sleman, Kab. Sleman;2 KT;LT 84m;LB 36m;SHM
Rumah Second;Rp460 Jt;Godean, Kab. Sleman;2 KT;LT 85m;LB 50m;SHM
Rumah Second;Rp720 Jt;Ngaglik, Kab. Sleman;2 KT;LT 90m;LB 50m;SHM
Rumah Second;Rp1,8 M;Gamping, Kab. Sleman;3 KT;LT 120m;LB 92m;SHM
Rumah Second;Rp460 Jt;Godean, Kab. Sleman;2 KT;LT 83m;LB 50m;SHM
Rumah Second;Rp415,2 Jt;Kalasan, Kab. Sleman;2 KT;LT 83m;LB 45m;SHM
Rumah Second;Rp300 Jt;Kalasan, Kab. Sleman;2 KT;LT 81m;LB 30m;Tidak Tersedia
Rumah Second;Rp799 Jt;Ngemplak, Kab. Sleman;3 KT;LT 124m;LB 80m;SHM
Rumah Second;Rp1,3 M;Banguntapan, Kab. Bantul;5 KT;LT 251m;LB 200m;SHM
Rumah Second;Rp450 Jt;Umbulharjo, Kota Yogyakarta;2 KT;LT 77m;LB 45m;SHM
Rumah Second;Rp875 Jt;Ngaglik, Kab. Sleman;3 KT;LT 137m;LB 90m;SHM
Rumah Second;Rp1,8 M;Depok, Kab. Sleman;3 KT;LT 135m;LB 110m;SHM
Rumah Second;Rp600 Jt;Gamping, Kab. Sleman;3 KT;LT 117m;LB 70m;SHM
Rumah Second;Rp1,4 M;Ngaglik, Kab. Sleman;3 KT;LT 108m;LB 135m;SHM
Rumah Second;Rp14 M;Depok, Kab. Sleman;9 KT;LT 970m;LB 725m;SHM
Rumah Second;Rp775 Jt;Godean, Kab. Sleman;3 KT;LT 124m;LB 80m;SHM
Rumah Second;Rp550 Jt;Seyegan, Kab. Sleman;3 KT;LT 126m;LB 60m;SHM
Rumah Second;Rp795 Jt;Mlati, Kab. Sleman;3 KT;LT 128m;LB 70m;SHM
Rumah Second;Rp375 Jt;Moyudan, Kab. Sleman;2 KT;LT 60m;LB 36m;SHM
Rumah Second;Rp825,5 Jt;Ngaglik, Kab. Sleman;3 KT;LT 126m;LB 70m;SHM
Rumah Second;Rp2,3 M;Ngaglik, Kab. Sleman;4 KT;LT 169m;LB 200m;SHM
Rumah Second;Rp4 M;Godean, Kab. Sleman;4 KT;LT 700m;LB 245m;SHM
Rumah Second;Rp825 Jt;Mlati, Kab. Sleman;3 KT;LT 126m;LB 75m;SHM
Rumah Second;Rp258 Jt;Prambanan, Kab. Sleman;2 KT;LT 70m;LB 30m;SHM
Rumah Second;Rp357 Jt;Kalasan, Kab. Sleman;2 KT;LT 103m;LB 36m;SHM
Rumah Second;Rp1,2 M;Depok, Kab. Sleman;3 KT;LT 90m;LB 130m;SHM
Rumah Second;Rp420 Jt;Turi, Kab. Sleman;2 KT;LT 90m;LB 36m;SHM
Rumah Second;Rp535 Jt;Kalasan, Kab. Sleman;2 KT;LT 80m;LB 36m;SHM
Rumah Second;Rp517 Jt;Kasihan, Kab. Bantul;2 KT;LT 81m;LB 50m;SHM
Rumah Second;Rp900 Jt;Kalasan, Kab. Sleman;3 KT;LT 165m;LB 65m;SHM
Rumah Second;Rp1,5 M;Ngaglik, Kab. Sleman;4 KT;LT 104m;LB 144m;SHM
Rumah Second;Rp535 Jt;Ngaglik, Kab. Sleman;2 KT;LT 80m;LB 36m;SHM
Rumah Second;Rp1,2 M;Sewon, Kab. Bantul;3 KT;LT 85m;LB 85m;SHM
Rumah Second;Rp3,2 M;Mlati, Kab. Sleman;4 KT;LT 153m;LB 180m;SHM
Rumah Second;Rp399 Jt;Sedayu, Kab. Bantul;2 KT;LT 83m;LB 45m;SHM
Rumah Second;Rp580 Jt;Sewon, Kab. Bantul;3 KT;LT 126m;LB 75m;SHM
Rumah Second;Rp545 Jt;Ngaglik, Kab. Sleman;2 KT;LT 86m;LB 45m;SHM
Rumah Second;Rp1,1 M;Ngemplak, Kab. Sleman;3 KT;LT 154m;LB 90m;SHM
Rumah Second;Rp2,5 M;Sewon, Kab. Bantul;3 KT;LT 163m;LB 130m;SHM
Rumah Second;Rp675 Jt;Ngaglik, Kab. Sleman;3 KT;LT 90m;LB 50m;SHM
Rumah Second;Rp3,2 M;Gondokusuman, Kota Yogyakarta;5 KT;LT 158m;LB 180m;SHM
Rumah Second;Rp750 Jt;Kasihan, Kab. Bantul;2 KT;LT 80m;LB 40m;SHM
Rumah Second;Rp3,3 M;Tegalrejo, Kota Yogyakarta;6 KT;LT 120m;LB 213m;SHM
Rumah Second;Rp625 Jt;Gamping, Kab. Sleman;3 KT;LT 128m;LB 64m;SHM
Rumah Second;Rp515 Jt;Kalasan, Kab. Sleman;2 KT;LT 107m;LB 41m;SHM
Rumah Second;Rp545 Jt;Ngaglik, Kab. Sleman;2 KT;LT 85m;LB 455m;SHM
Rumah Second;Rp549 Jt;Kalasan, Kab. Sleman;2 KT;LT 90m;LB 50m;SHM
Rumah Second;Rp536 Jt;Depok, Kab. Sleman;2 KT;LT 97m;LB 45m;SHM
Rumah Second;Rp875 Jt;Banguntapan, Kab. Bantul;2 KT;LT 120m;LB 90m;SHM
Rumah Second;Rp1,4 M;Ngaglik, Kab. Sleman;3 KT;LT 90m;LB 88m;SHM
Rumah Second;Rp410 Jt;Bantul, Kab. Bantul;2 KT;LT 80m;LB 42m;SHM
Rumah Second;Rp875 Jt;Ngaglik, Kab. Sleman;3 KT;LT 99m;LB 99m;SHM
Rumah Second;Rp380 Jt;Godean, Kab. Sleman;2 KT;LT 135m;LB 50m;SHM
Rumah Second;Rp1,8 M;Pakem, Kab. Sleman;2 KT;LT 683m;LB 500m;SHM
Rumah Second;Rp7,5 M;Sewon, Kab. Bantul;15 KT;LT 534m;LB 50m;SHM
Rumah Second;Rp985 Jt;Ngaglik, Kab. Sleman;3 KT;LT 104m;LB 72m;SHM
Rumah Second;Rp3,3 M;Tegalrejo, Kota Yogyakarta;6 KT;LT 213m;LB 120m;SHM
Rumah Second;Rp900 Jt;Ngaglik, Kab. Sleman;3 KT;LT 135m;LB 80m;SHM
Rumah Second;Rp450 Jt;Pajangan, Kab. Bantul;2 KT;LT 81m;LB 40m;SHM
Rumah Second;Rp492,7 Jt;Gamping, Kab. Sleman;2 KT;LT 70m;LB 45m;SHM
Rumah Second;Rp395 Jt;Sedayu, Kab. Bantul;2 KT;LT 80m;LB 45m;SHM
Rumah Second;Rp247,5 Jt;Playen, Kab. Gunung Kidul;2 KT;LT 72m;LB 36m;SHM
Rumah Second;Rp400 Jt;Sedayu, Kab. Bantul;2 KT;LT 80m;LB 45m;SHM
Rumah Second;Rp815 Jt;Depok, Kab. Sleman;3 KT;LT 110m;LB 75m;SHM
Rumah Second;Rp575 Jt;Depok, Kab. Sleman;3 KT;LT 97m;LB 56m;SHM
Rumah Second;Rp375 Jt;Moyudan, Kab. Sleman;2 KT;LT 60m;LB 36m;HGB
Rumah Second;Rp342 Jt;Prambanan, Kab. Sleman;2 KT;LT 103m;LB 36m;SHM
Rumah Second;Rp3,5 M;Mlati, Kab. Sleman;5 KT;LT 135m;LB 335m;SHM
Rumah Second;Rp325 Jt;Kalasan, Kab. Sleman;2 KT;LT 95m;LB 36m;SHM
Rumah Second;Rp499 Jt;Prambanan, Kab. Sleman;2 KT;LT 72m;LB 50m;SHM
Rumah Second;Rp5 M;Ngaglik, Kab. Sleman;5 KT;LT 295m;LB 400m;SHM
Rumah Second;Rp476 Jt;Sleman, Kab. Sleman;2 KT;LT 112m;LB 30m;SHM
Rumah Second;Rp2,5 M;Ngaglik, Kab. Sleman;4 KT;LT 250m;LB 180m;SHM
Rumah Second;Rp4,9 M;Ngaglik, Kab. Sleman;5 KT;LT 193m;LB 300m;SHM
Rumah Second;Rp4 M;Kasihan, Kab. Bantul;5 KT;LT 415m;LB 300m;SHM
Rumah Second;Rp4,9 M;Ngaglik, Kab. Sleman;5 KT;LT 262m;LB 290m;SHM
Rumah Second;Rp476 Jt;Mlati, Kab. Sleman;2 KT;LT 112m;LB 30m;SHM
Rumah Second;Rp4,5 M;Depok, Kab. Sleman;6 KT;LT 319m;LB 405m;SHM
Rumah Second;Rp477 Jt;Sleman, Kab. Sleman;2 KT;LT 112m;LB 30m;SHM
Rumah Second;Rp745 Jt;Ngaglik, Kab. Sleman;3 KT;LT 98m;LB 90m;SHM
Rumah Second;Rp4,5 M;Ngaglik, Kab. Sleman;21 KT;LT 728m;LB 595m;SHM
Rumah Second;Rp480 Jt;Prambanan, Kab. Sleman;3 KT;LT 60m;LB 52m;SHM
Rumah Second;Rp493,2 Jt;Kalasan, Kab. Sleman;2 KT;LT 72m;LB 36m;SHM
Rumah Second;Rp2,2 M;Gamping, Kab. Sleman;3 KT;LT 150m;LB 336m;SHM
Rumah Second;Rp475 Jt;Mlati, Kab. Sleman;3 KT;LT 102m;LB 60m;SHM
Rumah Second;Rp810 Jt;Mlati, Kab. Sleman;3 KT;LT 110m;LB 75m;SHM
Rumah Second;Rp815 Jt;Godean, Kab. Sleman;3 KT;LT 110m;LB 75m;SHM
Rumah Second;Rp2 M;Depok, Kab. Sleman;4 KT;LT 150m;LB 190m;SHM
Rumah Second;Rp775 Jt;Kalasan, Kab. Sleman;3 KT;LT 120m;LB 75m;SHM
Rumah Second;Rp525 Jt;Sleman, Kab. Sleman;3 KT;LT 111m;LB 140m;SHM
Rumah Second;Rp772 Jt;Ngemplak, Kab. Sleman;3 KT;LT 129m;LB 60m;SHM
Rumah Second;Rp665 Jt;Prambanan, Kab. Sleman;3 KT;LT 68m;LB 85m;SHM
Rumah Second;Rp425 Jt;Kasihan, Kab. Bantul;2 KT;LT 70m;LB 36m;SHM
Rumah Second;Rp440 Jt;Prambanan, Kab. Sleman;2 KT;LT 75m;LB 45m;SHM
Rumah Second;Rp900 Jt;Banguntapan, Kab. Bantul;3 KT;LT 107m;LB 121m;SHM
Rumah Second;Rp669 Jt;Jetis, Kab. Bantul;3 KT;LT 153m;LB 60m;SHM
Rumah Second;Rp495 Jt;Sewon, Kab. Bantul;2 KT;LT 87m;LB 45m;SHM
Rumah Second;Rp725 Jt;Kasihan, Kab. Bantul;3 KT;LT 96m;LB 65m;SHM
Rumah Second;Rp160 Jt;Ngaglik, Kab. Sleman;1 KT;LT 20m;LB 18m;Tidak Tersedia
Rumah Second;Rp2,3 M;Ngaglik, Kab. Sleman;5 KT;LT 169m;LB 205m;SHM
Rumah Second;Rp335 Jt;Sewon, Kab. Bantul;3 KT;LT 78m;LB 78m;SHM
Rumah Second;Rp999 Jt;Ngemplak, Kab. Sleman;3 KT;LT 103m;LB 100m;SHM
Rumah Second;Rp1,2 M;Ngaglik, Kab. Sleman;3 KT;LT 347m;LB 152m;SHM
Rumah Second;Rp335 Jt;Kalasan, Kab. Sleman;2 KT;LT 80m;LB 30m;SHM
Rumah Second;Rp150 Jt;Lendah, Kab. Kulon Progo;3 KT;LT 140m;LB 89m;SHM
Rumah Second;Rp2,8 M;Ngaglik, Kab. Sleman;4 KT;LT 190m;LB 200m;SHM
Rumah Second;Rp197 Jt;Depok, Kab. Sleman;2 KT;LT 28m;LB 65m;SHM
Rumah Second;Rp885 Jt;Ngemplak, Kab. Sleman;3 KT;LT 102m;LB 75m;SHM
Rumah Second;Rp850 Jt;Depok, Kab. Sleman;3 KT;LT 80m;LB 80m;SHM
Rumah Second;Rp900 Jt;Kalasan, Kab. Sleman;3 KT;LT 165m;LB 64m;SHM
Rumah Second;Rp920 Jt;Banguntapan, Kab. Bantul;2 KT;LT 107m;LB 121m;SHM
Rumah Second;Rp4,5 M;Umbulharjo, Kota Yogyakarta;6 KT;LT 320m;LB 350m;SHM
Rumah Second;Rp233 Jt;Kalasan, Kab. Sleman;2 KT;LT 60m;LB 30m;SHM
Rumah Second;Rp2,5 M;Depok, Kab. Sleman;5 KT;LT 123m;LB 200m;SHM
Rumah Second;Rp405 Jt;Sedayu, Kab. Bantul;2 KT;LT 95m;LB 45m;SHM
Rumah Second;Rp6,5 M;Depok, Kab. Sleman;6 KT;LT 478m;LB 300m;HGB
Rumah Second;Rp575 Jt;Kalasan, Kab. Sleman;3 KT;LT 104m;LB 80m;SHM
Rumah Second;Rp438,4 Jt;Gamping, Kab. Sleman;2 KT;LT 77m;LB 40m;SHM
Rumah Second;Rp625 Jt;Kasihan, Kab. Bantul;4 KT;LT 128m;LB 250m;SHM
Rumah Second;Rp625 Jt;Moyudan, Kab. Sleman;3 KT;LT 90m;LB 45m;SHM
Rumah Second;Rp898 Jt;Ngemplak, Kab. Sleman;3 KT;LT 65m;LB 90m;SHM
Rumah Second;Rp500 Jt;Kalasan, Kab. Sleman;2 KT;LT 102m;LB 45m;SHM
Rumah Second;Rp695 Jt;Umbulharjo, Kota Yogyakarta;2 KT;LT 89m;LB 89m;SHM
Rumah Second;Rp785 Jt;Godean, Kab. Sleman;3 KT;LT 116m;LB 75m;SHM
Rumah Second;Rp2,8 M;Ngaglik, Kab. Sleman;3 KT;LT 185m;LB 160m;SHM
Rumah Second;Rp950 Jt;Ngemplak, Kab. Sleman;3 KT;LT 115m;LB 95m;SHM
Rumah Second;Rp1,8 M;Umbulharjo, Kota Yogyakarta;18 KT;LT 138m;LB 138m;SHM
Rumah Second;Rp368 Jt;Gamping, Kab. Sleman;2 KT;LT 96m;LB 38m;SHM
Rumah Second;Rp500 Jt;Gamping, Kab. Sleman;2 KT;LT 108m;LB 42m;HGB
Rumah Second;Rp3,5 M;Mlati, Kab. Sleman;5 KT;LT 304m;LB 258m;SHM
Rumah Second;Rp810 Jt;Ngemplak, Kab. Sleman;3 KT;LT 124m;LB 85m;SHM
Rumah Second;Rp650 Jt;Depok, Kab. Sleman;2 KT;LT 100m;LB 45m;SHM
Rumah Second;Rp760 Jt;Ngaglik, Kab. Sleman;2 KT;LT 91m;LB 50m;SHM
Rumah Second;Rp593 Jt;Sleman, Kab. Sleman;2 KT;LT 103m;LB 50m;SHM
Rumah Second;Rp800 Jt;Godean, Kab. Sleman;3 KT;LT 112m;LB 75m;SHM
Rumah Second;Rp279 Jt;Berbah, Kab. Sleman;2 KT;LT 70m;LB 36m;SHM
Rumah Second;Rp279 Jt;Depok, Kab. Sleman;2 KT;LT 70m;LB 36m;SHM
Rumah Second;Rp1,6 M;Godean, Kab. Sleman;3 KT;LT 108m;LB 100m;SHM
Rumah Second;Rp585 Jt;Gondokusuman, Kota Yogyakarta;3 KT;LT 112m;LB 50m;SHM
Rumah Second;Rp595 Jt;Mlati, Kab. Sleman;3 KT;LT 112m;LB 50m;SHM
Rumah Second;Rp240 Jt;Prambanan, Kab. Sleman;2 KT;LT 60m;LB 40m;SHM
Rumah Second;Rp530 Jt;Pakem, Kab. Sleman;2 KT;LT 60m;LB 60m;SHM
Rumah Second;Rp950 Jt;Ngaglik, Kab. Sleman;3 KT;LT 145m;LB 85m;SHM
Rumah Second;Rp1,2 M;Banguntapan, Kab. Bantul;3 KT;LT 110m;LB 75m;SHM
Rumah Second;Rp925 Jt;Ngaglik, Kab. Sleman;3 KT;LT 137m;LB 100m;SHM
Rumah Second;Rp875 Jt;Kasihan, Kab. Bantul;3 KT;LT 121m;LB 138m;SHM
Rumah Second;Rp431 Jt;Mlati, Kab. Sleman;2 KT;LT 87m;LB 36m;SHM
Rumah Second;Rp475 Jt;Berbah, Kab. Sleman;3 KT;LT 86m;LB 45m;SHM
Rumah Second;Rp1,2 M;Ngaglik, Kab. Sleman;3 KT;LT 181m;LB 120m;SHM
Rumah Second;Rp1,6 M;Kalasan, Kab. Sleman;4 KT;LT 146m;LB 135m;SHM
Rumah Second;Rp680 Jt;Ngaglik, Kab. Sleman;3 KT;LT 97m;LB 65m;SHM
Rumah Second;Rp425 Jt;Seyegan, Kab. Sleman;2 KT;LT 100m;LB 50m;SHM
Rumah Second;Rp395 Jt;Sleman, Kab. Sleman;2 KT;LT 81m;LB 36m;SHM
Rumah Second;Rp1,8 M;Ngaglik, Kab. Sleman;3 KT;LT 155m;LB 212m;SHM
Rumah Second;Rp720 Jt;Sleman, Kab. Sleman;2 KT;LT 92m;LB 51m;SHM
Rumah Second;Rp579 Jt;Sleman, Kab. Sleman;2 KT;LT 105m;LB 60m;SHM
Rumah Second;Rp450 Jt;Sleman, Kab. Sleman;2 KT;LT 82m;LB 50m;SHM
Rumah Second;Rp1,4 M;Ngaglik, Kab. Sleman;4 KT;LT 428m;LB 140m;SHM
Rumah Second;Rp265 Jt;Sleman, Kab. Sleman;2 KT;LT 76m;LB 40m;SHM
Rumah Second;Rp210 Jt;Piyungan, Kab. Bantul;1 KT;LT 60m;LB 21m;SHM
Rumah Second;Rp385 Jt;Bantul, Kab. Bantul;2 KT;LT 64m;LB 40m;SHM
Rumah Second;Rp378 Jt;Bantul, Kab. Bantul;2 KT;LT 75m;LB 50m;SHM
Rumah Second;Rp499,9 Jt;Kalasan, Kab. Sleman;2 KT;LT 96m;LB 55m;SHM
Rumah Second;Rp335 Jt;Bantul, Kab. Bantul;2 KT;LT 75m;LB 45m;SHM
Rumah Second;Rp635 Jt;Kalasan, Kab. Sleman;3 KT;LT 123m;LB 70m;SHM
Rumah Second;Rp280 Jt;Bantul, Kab. Bantul;2 KT;LT 60m;LB 30m;SHM
Rumah Second;Rp1,1 M;Umbulharjo, Kota Yogyakarta;4 KT;LT 144m;LB 200m;SHM
Rumah Second;Rp3,5 M;Sleman, Kab. Sleman;12 KT;LT 223m;LB 260m;SHM
Rumah Second;Rp1,7 M;Ngemplak, Kab. Sleman;3 KT;LT 123m;LB 119m;SHM
Rumah Second;Rp295 Jt;Jetis, Kab. Bantul;2 KT;LT 66m;LB 36m;SHM
Rumah Second;Rp1,9 M;Depok, Kab. Sleman;3 KT;LT 128m;LB 188m;SHM
Rumah Second;Rp337 Jt;Seyegan, Kab. Sleman;2 KT;LT 60m;LB 30m;SHM
Rumah Second;Rp600 Jt;Kasihan, Kab. Bantul;2 KT;LT 114m;LB 40m;HGB
Rumah Second;Rp875 Jt;Ngaglik, Kab. Sleman;3 KT;LT 145m;LB 85m;SHM
Rumah Second;Rp170 Jt;Sedayu, Kab. Bantul;2 KT;LT 60m;LB 30m;HGB
Rumah Second;Rp750 Jt;Kalasan, Kab. Sleman;2 KT;LT 95m;LB 80m;SHM
Rumah Second;Rp998 Jt;Ngaglik, Kab. Sleman;3 KT;LT 103m;LB 100m;SHM
Rumah Second;Rp995 Jt;Depok, Kab. Sleman;3 KT;LT 103m;LB 100m;SHM
Rumah Second;Rp845 Jt;Ngemplak, Kab. Sleman;3 KT;LT 116m;LB 90m;SHM
Rumah Second;Rp542,5 Jt;Godean, Kab. Sleman;2 KT;LT 95m;LB 50m;SHM
Rumah Second;Rp2,8 M;Wirobrajan, Kota Yogyakarta;28 KT;LT 335m;LB 335m;SHM
Rumah Second;Rp583 Jt;Berbah, Kab. Sleman;2 KT;LT 85m;LB 46m;SHM
Rumah Second;Rp650 Jt;Godean, Kab. Sleman;3 KT;LT 211m;LB 100m;SHM
Rumah Second;Rp490 Jt;Mlati, Kab. Sleman;2 KT;LT 92m;LB 36m;SHM
Rumah Second;Rp584 Jt;Mlati, Kab. Sleman;2 KT;LT 86m;LB 46m;SHM
Rumah Second;Rp299 Jt;Sedayu, Kab. Bantul;2 KT;LT 72m;LB 36m;SHM
Rumah Second;Rp1,7 M;Mantrijeron, Kota Yogyakarta;3 KT;LT 232m;LB 255m;HGB
Rumah Second;Rp1,8 M;Ngaglik, Kab. Sleman;4 KT;LT 120m;LB 200m;SHM
Rumah Second;Rp700 Jt;Gamping, Kab. Sleman;3 KT;LT 125m;LB 75m;SHM
Rumah Second;Rp3,4 M;Wirobrajan, Kota Yogyakarta;3 KT;LT 402m;LB 170m;SHM
Rumah Second;Rp551 Jt;Sleman, Kab. Sleman;3 KT;LT 124m;LB 58m;SHM
Rumah Second;Rp815 Jt;Mlati, Kab. Sleman;3 KT;LT 110m;LB 75m;SHM
Rumah Second;Rp561 Jt;Sedayu, Kab. Bantul;2 KT;LT 98m;LB 36m;SHM
Rumah Second;Rp360 Jt;Kalasan, Kab. Sleman;2 KT;LT 105m;LB 36m;SHM
Rumah Second;Rp1,1 M;Kalasan, Kab. Sleman;4 KT;LT 104m;LB 150m;SHM
Rumah Second;Rp1,8 M;Mlati, Kab. Sleman;4 KT;LT 164m;LB 190m;HGB
Rumah Second;Rp550 Jt;Mlati, Kab. Sleman;3 KT;LT 126m;LB 58m;SHM
Rumah Second;Rp510 Jt;Jetis, Kab. Bantul;3 KT;LT 107m;LB 65m;SHM
Rumah Second;Rp635 Jt;Kalasan, Kab. Sleman;2 KT;LT 103m;LB 57m;SHM
Rumah Second;Rp500 Jt;Jetis, Kab. Bantul;3 KT;LT 107m;LB 70m;SHM
Rumah Second;Rp4,6 M;Depok, Kab. Sleman;3 KT;LT 180m;LB 145m;SHM
Rumah Second;Rp4,4 M;Depok, Kab. Sleman;3 KT;LT 170m;LB 145m;SHM
Rumah Second;Rp4,1 M;Depok, Kab. Sleman;3 KT;LT 160m;LB 125m;SHM
Rumah Second;Rp3,8 M;Depok, Kab. Sleman;3 KT;LT 142m;LB 125m;SHM
Rumah Second;Rp3,3 M;Mlati, Kab. Sleman;3 KT;LT 166m;LB 135m;HGB
Rumah Second;Rp2,1 M;Mlati, Kab. Sleman;3 KT;LT 110m;LB 107m;HGB
Rumah Second;Rp2,3 M;Depok, Kab. Sleman;3 KT;LT 129m;LB 126m;SHM
Rumah Second;Rp4,4 M;Mlati, Kab. Sleman;3 KT;LT 260m;LB 142m;HGB
Rumah Second;Rp1,8 M;Gamping, Kab. Sleman;3 KT;LT 120m;LB 93m;SHM
Rumah Second;Rp1,1 M;Ngemplak, Kab. Sleman;3 KT;LT 235m;LB 90m;SHM
Rumah Second;Rp275 Jt;Sedayu, Kab. Bantul;2 KT;LT 72m;LB 50m;HGB
Rumah Second;Rp1,2 M;Ngaglik, Kab. Sleman;3 KT;LT 185m;LB 100m;SHM
Rumah Second;Rp2,1 M;Banguntapan, Kab. Bantul;3 KT;LT 163m;LB 142m;SHM
Rumah Second;Rp2,9 M;Mlati, Kab. Sleman;4 KT;LT 110m;LB 146m;SHM
Rumah Second;Rp299 Jt;Seyegan, Kab. Sleman;2 KT;LT 106m;LB 36m;SHM
Rumah Second;Rp690 Jt;Godean, Kab. Sleman;2 KT;LT 80m;LB 43m;HGB
Rumah Second;Rp800 Jt;Pakem, Kab. Sleman;2 KT;LT 191m;LB 191m;SHM
Rumah Second;Rp10,5 M;Sleman, Kab. Sleman;8 KT;LT 1289m;LB 607m;SHM
Rumah Second;Rp1,7 M;Gamping, Kab. Sleman;5 KT;LT 131m;LB 150m;HGB
Rumah Second;Rp1,4 M;Pengasih, Kab. Kulon Progo;3 KT;LT 865m;LB 200m;SHM
Rumah Second;Rp520 Jt;Jetis, Kab. Bantul;3 KT;LT 107m;LB 65m;SHM
Rumah Second;Rp700 Jt;Gamping, Kab. Sleman;2 KT;LT 89m;LB 60m;SHM
Rumah Second;Rp1,7 M;Godean, Kab. Sleman;6 KT;LT 198m;LB 250m;SHM
Rumah Second;Rp315 Jt;Bantul, Kab. Bantul;2 KT;LT 72m;LB 45m;SHM
Rumah Second;Rp590 Jt;Sleman, Kab. Sleman;3 KT;LT 97m;LB 70m;SHM
Rumah Second;Rp454 Jt;Banguntapan, Kab. Bantul;2 KT;LT 73m;LB 40m;SHM
Rumah Second;Rp576 Jt;Tegalrejo, Kota Yogyakarta;3 KT;LT 105m;LB 50m;SHM
Rumah Second;Rp210 Jt;Pajangan, Kab. Bantul;2 KT;LT 60m;LB 30m;SHM
Rumah Second;Rp570 Jt;Kalasan, Kab. Sleman;3 KT;LT 111m;LB 55m;SHM
Rumah Second;Rp500,5 Jt;Kalasan, Kab. Sleman;2 KT;LT 100m;LB 45m;SHM
Rumah Second;Rp185 Jt;Karangmojo, Kab. Gunung Kidul;2 KT;LT 267m;LB 120m;SHM
Rumah Second;Rp4,4 M;Depok, Kab. Sleman;6 KT;LT 318m;LB 405m;SHM
Rumah Second;Rp550 Jt;Kalasan, Kab. Sleman;2 KT;LT 124m;LB 60m;SHM
Rumah Second;Rp890 Jt;Ngaglik, Kab. Sleman;3 KT;LT 102m;LB 70m;HGB
Rumah Second;Rp270 Jt;Prambanan, Kab. Sleman;2 KT;LT 80m;LB 40m;SHM
Rumah Second;Rp665 Jt;Kalasan, Kab. Sleman;3 KT;LT 97m;LB 60m;SHM
Rumah Second;Rp499 Jt;Kalasan, Kab. Sleman;2 KT;LT 107m;LB 43m;SHM
Rumah Second;Rp575 Jt;Kalasan, Kab. Sleman;3 KT;LT 97m;LB 56m;SHM
Rumah Second;Rp4,5 M;Kraton, Kota Yogyakarta;6 KT;LT 319m;LB 405m;SHM
Rumah Second;Rp550 Jt;Godean, Kab. Sleman;3 KT;LT 124m;LB 56m;SHM
Rumah Second;Rp550 Jt;Seyegan, Kab. Sleman;3 KT;LT 124m;LB 58m;SHM
Rumah Second;Rp825 Jt;Gondomanan, Kota Yogyakarta;3 KT;LT 99m;LB 66m;SHM
Rumah Second;Rp650 Jt;Ngemplak, Kab. Sleman;3 KT;LT 90m;LB 65m;SHM
Rumah Second;Rp1,7 M;Ngemplak, Kab. Sleman;3 KT;LT 117m;LB 119m;SHM
Rumah Second;Rp550 Jt;Gamping, Kab. Sleman;3 KT;LT 126m;LB 58m;SHM
Rumah Second;Rp826 Jt;Mlati, Kab. Sleman;3 KT;LT 126m;LB 70m;SHM
Rumah Second;Rp497 Jt;Kasihan, Kab. Bantul;2 KT;LT 50m;LB 81m;SHM
Rumah Second;Rp3,2 M;Sleman, Kab. Sleman;4 KT;LT 158m;LB 180m;HGB
Rumah Second;Rp850 Jt;Ngaglik, Kab. Sleman;4 KT;LT 114m;LB 100m;SHM
Rumah Second;Rp2,7 M;Depok, Kab. Sleman;5 KT;LT 765m;LB 200m;SHM
Rumah Second;Rp1,2 M;Gamping, Kab. Sleman;4 KT;LT 135m;LB 88m;HGB
Rumah Second;Rp240 Jt;Prambanan, Kab. Sleman;2 KT;LT 63m;LB 36m;SHM
Rumah Second;Rp2,3 M;Depok, Kab. Sleman;3 KT;LT 129m;LB 126m;HGB
Rumah Second;Rp535 Jt;Sleman, Kab. Sleman;1 KT;LT 90m;LB 60m;SHM
Rumah Second;Rp1,5 M;Sewon, Kab. Bantul;7 KT;LT 228m;LB 300m;SHM
Rumah Second;Rp355 Jt;Kasihan, Kab. Bantul;1 KT;LT 70m;LB 36m;SHM
Rumah Second;Rp350 Jt;Sewon, Kab. Bantul;2 KT;LT 139m;LB 50m;SHM
Rumah Second;Rp300 Jt;Playen, Kab. Gunung Kidul;2 KT;LT 72m;LB 36m;SHM
Rumah Second;Rp950 Jt;Kalasan, Kab. Sleman;3 KT;LT 145m;LB 85m;SHM
Rumah Second;Rp917 Jt;Sewon, Kab. Bantul;2 KT;LT 100m;LB 45m;SHM
Rumah Second;Rp799 Jt;Depok, Kab. Sleman;3 KT;LT 126m;LB 90m;SHM
Rumah Second;Rp775 Jt;Ngaglik, Kab. Sleman;3 KT;LT 130m;LB 80m;SHM
Rumah Second;Rp1,8 M;Mlati, Kab. Sleman;3 KT;LT 102m;LB 138m;SHM
Rumah Second;Rp650 Jt;Gamping, Kab. Sleman;2 KT;LT 95m;LB 95m;SHM
Rumah Second;Rp185 Jt;Bantul, Kab. Bantul;2 KT;LT 60m;LB 27m;SHM
Rumah Second;Rp580 Jt;Mlati, Kab. Sleman;3 KT;LT 100m;LB 85m;SHM
Rumah Second;Rp1,8 M;Ngaglik, Kab. Sleman;4 KT;LT 122m;LB 130m;SHM
Rumah Second;Rp552 Jt;Sedayu, Kab. Bantul;3 KT;LT 107m;LB 48m;SHM
Rumah Second;Rp490 Jt;Seyegan, Kab. Sleman;2 KT;LT 137m;LB 45m;SHM
Rumah Second;Rp1,4 M;Ngaglik, Kab. Sleman;3 KT;LT 141m;LB 100m;SHM
Rumah Second;Rp475 Jt;Kasihan, Kab. Bantul;2 KT;LT 88m;LB 75m;SHM
Rumah Second;Rp541,5 Jt;Sleman, Kab. Sleman;2 KT;LT 120m;LB 36m;SHM
Rumah Second;Rp999,9 Jt;Gamping, Kab. Sleman;3 KT;LT 154m;LB 120m;SHM
Rumah Second;Rp1,5 M;Sewon, Kab. Bantul;3 KT;LT 189m;LB 200m;SHM
Rumah Second;Rp2 M;Mlati, Kab. Sleman;3 KT;LT 163m;LB 120m;SHM
Rumah Second;Rp3,9 M;Kalasan, Kab. Sleman;6 KT;LT 297m;LB 288m;SHM
Rumah Second;Rp350 Jt;Moyudan, Kab. Sleman;2 KT;LT 104m;LB 50m;SHM
Rumah Second;Rp550 Jt;Pundong, Kab. Bantul;2 KT;LT 111m;LB 111m;SHM
Rumah Second;Rp3,7 M;Depok, Kab. Sleman;6 KT;LT 220m;LB 330m;SHM
Rumah Second;Rp250 Jt;Ngaglik, Kab. Sleman;2 KT;LT 72m;LB 30m;Tidak Tersedia
Rumah Second;Rp180 Jt;Ngaglik, Kab. Sleman;3 KT;LT 114m;LB 125m;SHM
Rumah Second;Rp1,4 M;Ngaglik, Kab. Sleman;3 KT;LT 100m;LB 80m;SHM
Rumah Second;Rp2,1 M;Depok, Kab. Sleman;10 KT;LT 96m;LB 250m;SHM
Rumah Second;Rp700 Jt;Depok, Kab. Sleman;2 KT;LT 75m;LB 75m;SHM
Rumah Second;Rp395 Jt;Kasihan, Kab. Bantul;2 KT;LT 86m;LB 36m;SHM
Rumah Second;Rp725 Jt;Sleman, Kab. Sleman;4 KT;LT 102m;LB 139m;SHM
Rumah Second;Rp1,6 M;Gamping, Kab. Sleman;3 KT;LT 93m;LB 70m;SHM
Rumah Second;Rp470 Jt;Seyegan, Kab. Sleman;2 KT;LT 107m;LB 50m;SHM
Rumah Second;Rp4,7 M;Mlati, Kab. Sleman;4 KT;LT 110m;LB 146m;Tidak Tersedia
Rumah Second;Rp1,3 M;Mantrijeron, Kota Yogyakarta;4 KT;LT 132m;LB 132m;Tidak Tersedia
Rumah Second;Rp690 Jt;Ngaglik, Kab. Sleman;2 KT;LT 90m;LB 51m;SHM
Rumah Second;Rp590 Jt;Berbah, Kab. Sleman;2 KT;LT 113m;LB 45m;SHM
Rumah Second;Rp733 Jt;Gamping, Kab. Sleman;2 KT;LT 92m;LB 42m;SHM
Rumah Second;Rp375 Jt;Pandak, Kab. Bantul;2 KT;LT 80m;LB 45m;SHM
Rumah Second;Rp355 Jt;Kasihan, Kab. Bantul;2 KT;LT 75m;LB 45m;SHM
Rumah Second;Rp335 Jt;Kasihan, Kab. Bantul;2 KT;LT 70m;LB 36m;SHM
Rumah Second;Rp380 Jt;Kasihan, Kab. Bantul;2 KT;LT 86m;LB 40m;SHM
Rumah Second;Rp500 Jt;Seyegan, Kab. Sleman;2 KT;LT 106m;LB 36m;SHM
Rumah Second;Rp650 Jt;Lendah, Kab. Kulon Progo;2 KT;LT 1000m;LB 60m;SHM
Rumah Second;Rp1,2 M;Gamping, Kab. Sleman;6 KT;LT 163m;LB 220m;SHM
Rumah Second;Rp835 Jt;Kalasan, Kab. Sleman;3 KT;LT 124m;LB 73m;SHM
Rumah Second;Rp1,2 M;Ngemplak, Kab. Sleman;4 KT;LT 120m;LB 121m;SHM
Rumah Second;Rp6,5 M;Depok, Kab. Sleman;4 KT;LT 557m;LB 450m;SHM
Rumah Second;Rp950 Jt;Depok, Kab. Sleman;4 KT;LT 117m;LB 140m;SHM
Rumah Second;Rp550 Jt;Kasihan, Kab. Bantul;4 KT;LT 90m;LB 114m;SHM
Rumah Second;Rp1 M;Sewon, Kab. Bantul;3 KT;LT 85m;LB 85m;SHM
Rumah Second;Rp450 Jt;Kasihan, Kab. Bantul;2 KT;LT 101m;LB 70m;SHM
Rumah Second;Rp1,8 M;Ngaglik, Kab. Sleman;3 KT;LT 125m;LB 130m;SHM
Rumah Second;Rp3,5 M;Kotagede, Kota Yogyakarta;5 KT;LT 310m;LB 250m;SHM
Rumah Second;Rp1,2 M;Ngaglik, Kab. Sleman;2 KT;LT 108m;LB 50m;SHM
Rumah Second;Rp850 Jt;Ngaglik, Kab. Sleman;2 KT;LT 85m;LB 55m;SHM
Rumah Second;Rp680 Jt;Ngaglik, Kab. Sleman;3 KT;LT 80m;LB 112m;SHM
Rumah Second;Rp1,8 M;Ngaglik, Kab. Sleman;5 KT;LT 256m;LB 150m;SHM
Rumah Second;Rp1,6 M;Depok, Kab. Sleman;5 KT;LT 150m;LB 100m;SHM
Rumah Second;Rp620 Jt;Ngaglik, Kab. Sleman;6 KT;LT 75m;LB 100m;SHM
Rumah Second;Rp2,8 M;Depok, Kab. Sleman;10 KT;LT 250m;LB 200m;SHM
Rumah Second;Rp7 M;Mlati, Kab. Sleman;5 KT;LT 599m;LB 380m;SHM
Rumah Second;Rp1,5 M;Kraton, Kota Yogyakarta;2 KT;LT 60m;LB 120m;SHM
Rumah Second;Rp1,8 M;Banguntapan, Kab. Bantul;1 KT;LT 164m;LB 95m;SHM
Rumah Second;Rp395 Jt;Sedayu, Kab. Bantul;2 KT;LT 92m;LB 50m;SHM
Rumah Second;Rp2,5 M;Piyungan, Kab. Bantul;4 KT;LT 357m;LB 400m;SHM
Rumah Second;Rp1,8 M;Umbulharjo, Kota Yogyakarta;3 KT;LT 232m;LB 200m;SHM
Rumah Second;Rp780 Jt;Sleman, Kab. Sleman;5 KT;LT 143m;LB 135m;SHM
Rumah Second;Rp1,3 M;Banguntapan, Kab. Bantul;3 KT;LT 122m;LB 140m;SHM
Rumah Second;Rp840 Jt;Ngaglik, Kab. Sleman;3 KT;LT 80m;LB 140m;SHM
Rumah Second;Rp1,4 M;Ngaglik, Kab. Sleman;3 KT;LT 278m;LB 150m;SHM
Rumah Second;Rp545 Jt;Godean, Kab. Sleman;3 KT;LT 110m;LB 60m;SHM
Rumah Second;Rp258 Jt;Kalasan, Kab. Sleman;2 KT;LT 70m;LB 30m;SHM
Rumah Second;Rp6,5 M;Depok, Kab. Sleman;6 KT;LT 450m;LB 400m;SHM
Rumah Second;Rp2,8 M;Ngaglik, Kab. Sleman;5 KT;LT 254m;LB 350m;SHM
Rumah Second;Rp3,5 M;Depok, Kab. Sleman;6 KT;LT 220m;LB 320m;SHM
Rumah Second;Rp1,8 M;Umbulharjo, Kota Yogyakarta;3 KT;LT 135m;LB 160m;SHM
Rumah Second;Rp2,5 M;Depok, Kab. Sleman;4 KT;LT 110m;LB 220m;SHM
Rumah Second;Rp550 Jt;Sleman, Kab. Sleman;3 KT;LT 124m;LB 58m;SHM
Rumah Second;Rp4 M;Gamping, Kab. Sleman;3 KT;LT 640m;LB 350m;SHM
Rumah Second;Rp1,8 M;Depok, Kab. Sleman;6 KT;LT 253m;LB 240m;SHM
Rumah Second;Rp875 Jt;Mlati, Kab. Sleman;2 KT;LT 131m;LB 70m;SHM
Rumah Second;Rp1,2 M;Umbulharjo, Kota Yogyakarta;5 KT;LT 217m;LB 100m;SHM
Rumah Baru;Rp 175 Jt - Rp 252 Jt;Pandak, Kab. Bantul;2 KT;LT 60-72m;LB 30-36m;HGB
Rumah Second;Rp496,5 Jt;Umbulharjo, Kota Yogyakarta;2 KT;LT 112m;LB 36m;SHM
Rumah Second;Rp7,4 M;Gamping, Kab. Sleman;8 KT;LT 260m;LB 450m;SHM
Rumah Second;Rp375 Jt;Prambanan, Kab. Sleman;2 KT;LT 75m;LB 45m;SHM
Rumah Second;Rp725 Jt;Jetis, Kota Yogyakarta;3 KT;LT 114m;LB 71m;SHM
Rumah Second;Rp699 Jt;Godean, Kab. Sleman;3 KT;LT 119m;LB 80m;SHM
Rumah Second;Rp999 Jt;Ngemplak, Kab. Sleman;3 KT;LT 103m;LB 105m;SHM
Rumah Second;Rp2,9 M;Gamping, Kab. Sleman;4 KT;LT 174m;LB 189m;SHM
Rumah Second;Rp1,5 M;Banguntapan, Kab. Bantul;5 KT;LT 158m;LB 172m;SHM
Rumah Second;Rp620 Jt;Prambanan, Kab. Sleman;3 KT;LT 81m;LB 50m;SHM
Rumah Second;Rp1,5 M;Ngemplak, Kab. Sleman;3 KT;LT 111m;LB 80m;SHM
Rumah Second;Rp200,2 Jt;Moyudan, Kab. Sleman;2 KT;LT 60m;LB 30m;SHM
Rumah Second;Rp1,6 M;Ngemplak, Kab. Sleman;3 KT;LT 111m;LB 90m;SHM
Rumah Second;Rp735 Jt;Ngemplak, Kab. Sleman;3 KT;LT 105m;LB 70m;SHM
Rumah Second;Rp1,6 M;Kalasan, Kab. Sleman;4 KT;LT 146m;LB 164m;SHM
Rumah Second;Rp1,2 M;Banguntapan, Kab. Bantul;4 KT;LT 90m;LB 105m;SHM
Rumah Second;Rp375 Jt;Sleman, Kab. Sleman;2 KT;LT 108m;LB 45m;SHM
Rumah Second;Rp450 Jt;Kasihan, Kab. Bantul;2 KT;LT 95m;LB 36m;SHM
Rumah Second;Rp815 Jt;Depok, Kab. Sleman;3 KT;LT 112m;LB 75m;SHM
Rumah Second;Rp1,4 M;Ngaglik, Kab. Sleman;5 KT;LT 152m;LB 112m;SHM
Rumah Second;Rp285 Jt;Jetis, Kab. Bantul;2 KT;LT 66m;LB 36m;SHM
Rumah Second;Rp858 Jt;Ngaglik, Kab. Sleman;3 KT;LT 132m;LB 50m;SHM
Rumah Second;Rp700 Jt;Prambanan, Kab. Sleman;2 KT;LT 168m;LB 98m;SHM
Rumah Second;Rp275 Jt;Kalasan, Kab. Sleman;2 KT;LT 80m;LB 30m;SHM
Rumah Second;Rp3,8 M;Pakem, Kab. Sleman;5 KT;LT 472m;LB 130m;SHM
Rumah Second;Rp337 Jt;Seyegan, Kab. Sleman;2 KT;LT 60m;LB 30m;HGB
Rumah Second;Rp1,6 M;Godean, Kab. Sleman;3 KT;LT 103m;LB 120m;SHM
Rumah Second;Rp554 Jt;Kalasan, Kab. Sleman;2 KT;LT 84m;LB 45m;SHM
Rumah Second;Rp374,6 Jt;Sedayu, Kab. Bantul;2 KT;LT 60m;LB 40m;SHM
Rumah Second;Rp600 Jt;Kalasan, Kab. Sleman;2 KT;LT 53m;LB 100m;SHM
Rumah Second;Rp971,3 Jt;Gamping, Kab. Sleman;2 KT;LT 151m;LB 76m;HGB
Rumah Second;Rp925 Jt;Kalasan, Kab. Sleman;3 KT;LT 141m;LB 100m;SHM
Rumah Second;Rp490 Jt;Kalasan, Kab. Sleman;2 KT;LT 72m;LB 36m;SHM
Rumah Second;Rp999 Jt;Gondokusuman, Kota Yogyakarta;3 KT;LT 103m;LB 100m;SHM
Rumah Second;Rp435 Jt;Prambanan, Kab. Sleman;2 KT;LT 45m;LB 98m;SHM
Rumah Second;Rp10,1 M;Depok, Kab. Sleman;4 KT;LT 281m;LB 275m;SHM
Rumah Second;Rp9,3 M;Depok, Kab. Sleman;4 KT;LT 235m;LB 275m;SHM
Rumah Second;Rp9,3 M;Depok, Kab. Sleman;4 KT;LT 234m;LB 275m;SHM
Rumah Second;Rp9,3 M;Depok, Kab. Sleman;4 KT;LT 233m;LB 275m;SHM
Rumah Baru;Rp 270 Jt;Playen, Kab. Gunung Kidul;2 KT;LT 84m;LB 45m;HGB
Rumah Baru;Rp 1,2 M - Rp 1,9 M;Kasihan, Kab. Bantul;3 KT;LT 126m;LB 80m;HGB
Rumah Second;Rp485 Jt;Ngaglik, Kab. Sleman;2 KT;LT 80m;LB 36m;SHM
Rumah Second;Rp197 Jt;Prambanan, Kab. Sleman;2 KT;LT 64m;LB 26m;SHM
Rumah Second;Rp280 Jt;Prambanan, Kab. Sleman;2 KT;LT 61m;LB 35m;SHM
Rumah Second;Rp765 Jt;Godean, Kab. Sleman;2 KT;LT 108m;LB 50m;SHM
Rumah Second;Rp388 Jt;Sedayu, Kab. Bantul;2 KT;LT 40m;LB 81m;SHM
Rumah Second;Rp592 Jt;Depok, Kab. Sleman;2 KT;LT 90m;LB 36m;SHM
Rumah Second;Rp670 Jt;Mlati, Kab. Sleman;2 KT;LT 130m;LB 50m;SHM
Rumah Second;Rp285 Jt;Sedayu, Kab. Bantul;2 KT;LT 93m;LB 36m;SHM
Rumah Second;Rp725 Jt;Kalasan, Kab. Sleman;4 KT;LT 140m;LB 100m;SHM
Rumah Second;Rp629 Jt;Mlati, Kab. Sleman;3 KT;LT 118m;LB 52m;SHM
Rumah Second;Rp350 Jt;Kalasan, Kab. Sleman;2 KT;LT 100m;LB 36m;SHM
Rumah Second;Rp425 Jt;Kasihan, Kab. Bantul;2 KT;LT 77m;LB 77m;SHM
Rumah Second;Rp375 Jt;Kalasan, Kab. Sleman;2 KT;LT 70m;LB 40m;SHM
Rumah Second;Rp625 Jt;Godean, Kab. Sleman;2 KT;LT 100m;LB 43m;SHM
Rumah Second;Rp260 Jt;Prambanan, Kab. Sleman;2 KT;LT 76m;LB 40m;SHM
Rumah Second;Rp1,7 M;Depok, Kab. Sleman;5 KT;LT 200m;LB 150m;SHM
Rumah Second;Rp375 Jt;Kalasan, Kab. Sleman;2 KT;LT 72m;LB 60m;SHM
Rumah Second;Rp1,8 M;Ngaglik, Kab. Sleman;3 KT;LT 125m;LB 150m;SHM
Rumah Second;Rp765 Jt;Ngemplak, Kab. Sleman;3 KT;LT 105m;LB 70m;SHM
Rumah Second;Rp2 M;Ngaglik, Kab. Sleman;3 KT;LT 114m;LB 125m;SHM
Rumah Second;Rp730 Jt;Seyegan, Kab. Sleman;2 KT;LT 108m;LB 50m;SHM
Rumah Second;Rp650 Jt;Mlati, Kab. Sleman;2 KT;LT 100m;LB 45m;SHM
Rumah Second;Rp185 Jt;Jetis, Kab. Bantul;2 KT;LT 60m;LB 27m;SHM
Rumah Second;Rp1,4 M;Ngaglik, Kab. Sleman;4 KT;LT 104m;LB 140m;SHM
Rumah Second;Rp1,6 M;Kalasan, Kab. Sleman;4 KT;LT 120m;LB 142m;SHM
Rumah Second;Rp950 Jt;Depok, Kab. Sleman;3 KT;LT 145m;LB 85m;SHM
Rumah Second;Rp890 Jt;Ngaglik, Kab. Sleman;3 KT;LT 102m;LB 70m;SHM
Rumah Second;Rp385 Jt;Sedayu, Kab. Bantul;2 KT;LT 36m;LB 80m;SHM
Rumah Second;Rp2,8 M;Ngemplak, Kab. Sleman;2 KT;LT 153m;LB 300m;SHM
Rumah Second;Rp575 Jt;Ngaglik, Kab. Sleman;2 KT;LT 73m;LB 73m;SHM
Rumah Second;Rp700 Jt;Sleman, Kab. Sleman;3 KT;LT 99m;LB 75m;SHM
Rumah Second;Rp480 Jt;Prambanan, Kab. Sleman;3 KT;LT 60m;LB 62m;SHM
Rumah Second;Rp299 Jt;Seyegan, Kab. Sleman;2 KT;LT 60m;LB 30m;SHM
Rumah Second;Rp1,5 M;Ngaglik, Kab. Sleman;3 KT;LT 121m;LB 100m;SHM
Rumah Second;Rp1,5 M;Depok, Kab. Sleman;4 KT;LT 118m;LB 160m;SHM
Rumah Second;Rp275 Jt;Sedayu, Kab. Bantul;2 KT;LT 70m;LB 36m;SHM
Rumah Second;Rp1,3 M;Godean, Kab. Sleman;3 KT;LT 175m;LB 166m;SHM
Rumah Second;Rp495 Jt;Kalasan, Kab. Sleman;2 KT;LT 120m;LB 55m;SHM
Rumah Second;Rp398 Jt;Sleman, Kab. Sleman;2 KT;LT 80m;LB 36m;SHM
Rumah Second;Rp2 M;Ngemplak, Kab. Sleman;4 KT;LT 119m;LB 126m;SHM
Rumah Second;Rp925 Jt;Ngaglik, Kab. Sleman;2 KT;LT 103m;LB 100m;SHM
Rumah Second;Rp655 Jt;Kasihan, Kab. Bantul;2 KT;LT 118m;LB 45m;SHM
Rumah Second;Rp625 Jt;Godean, Kab. Sleman;2 KT;LT 88m;LB 45m;HGB
Rumah Second;Rp496 Jt;Godean, Kab. Sleman;2 KT;LT 111m;LB 36m;SHM
Rumah Second;Rp250 Jt;Prambanan, Kab. Sleman;2 KT;LT 60m;LB 40m;SHM
Rumah Second;Rp1,3 M;Ngaglik, Kab. Sleman;3 KT;LT 134m;LB 110m;SHM
Rumah Second;Rp480 Jt;Kalasan, Kab. Sleman;2 KT;LT 72m;LB 36m;SHM
Rumah Second;Rp745 Jt;Mlati, Kab. Sleman;2 KT;LT 119m;LB 45m;SHM
Rumah Second;Rp560 Jt;Mlati, Kab. Sleman;3 KT;LT 115m;LB 60m;SHM
Rumah Second;Rp260 Jt;Ngemplak, Kab. Sleman;2 KT;LT 60m;LB 36m;SHM
Rumah Second;Rp545 Jt;Kalasan, Kab. Sleman;2 KT;LT 100m;LB 45m;SHM
Rumah Second;Rp395 Jt;Kasihan, Kab. Bantul;3 KT;LT 98m;LB 60m;SHM
Rumah Second;Rp495 Jt;Depok, Kab. Sleman;2 KT;LT 112m;LB 36m;SHM
Rumah Second;Rp1,1 M;Prambanan, Kab. Sleman;3 KT;LT 109m;LB 110m;SHM
Rumah Second;Rp1,3 M;Bantul, Kab. Bantul;2 KT;LT 134m;LB 70m;SHM
